event;file;scope
AcceptedFactionInvite;ISFactionUI.lua;client
AcceptedSafehouseInvite;ISSafehouseUI.lua;client
AcceptedTrade;ISTradingUI.lua;client
AddXP;XpUpdate.lua;server
DoSpecialTooltip;CFarmingSystem.lua;client
DoSpecialTooltip;CFeedingTroughSystem.lua;client
EveryDays;FishingUtils.lua;shared
EveryDays;forageSystem.lua;shared
EveryDays;STrapSystem.lua;server
EveryHours;forageSystem.lua;shared
EveryHours;ISDynamicRadio.lua;server
EveryHours;STrapSystem.lua;server
EveryHours;WinterIsComing.lua;client
EveryOneMinute;ISPerkLog.lua;shared
EveryOneMinute;SCampfireSystem.lua;server
EveryTenMinutes;DebugDemoTime.lua;client
EveryTenMinutes;SCampfireSystem.lua;server
EveryTenMinutes;season.lua;server
EveryTenMinutes;SFarmingSystem.lua;server
EveryTenMinutes;SRainBarrelSystem.lua;server
EveryTenMinutes;STrapSystem.lua;server
EveryTenMinutes;XpUpdate.lua;server
LevelPerk;ISPerkLog.lua;shared
LevelPerk;XpUpdate.lua;server
LoadGridsquare;DebugScenarios.lua;client
MngInvReceiveItems;ISPlayerStatsManageInvUI.lua;client
OnAcceptInvite;MainScreen.lua;client
OnAddMessage;ISChat.lua;client
OnAdminMessage;ISAdminMessage.lua;client
OnAlertMessage;ISAlert.lua;client
OnAnimalTracks;ISAnimalTracksFinder.lua;client
OnCGlobalObjectSystemInit;CGlobalObjectSystem.lua;client
OnChallengeQuery;AReallyCDDAy.lua;client
OnChallengeQuery;Challenge2.lua;client
OnChallengeQuery;WinterIsComing.lua;client
OnChatWindowInit;ISChat.lua;client
OnClickedAnimalForContext;ISAnimalContextMenu.lua;client
OnClientCommand;camping_tent.lua;server
OnClientCommand;ClientCommands.lua;server
OnClientCommand;forageServer.lua;server
OnClientCommand;ISLogSystem.lua;shared
OnClientCommand;LuaNet.lua;shared
OnClientCommand;SGlobalObjectSystem.lua;server
OnClientCommand;VehicleCommands.lua;server
OnClimateManagerInit;ClimateMain.lua;server
OnClimateTickDebug;ClimateDebug.lua;client
OnClimateTickDebug;PlayerClimateDebug.lua;client
OnClimateTickDebug;ThunderDebug.lua;client
OnClimateTickDebug;WeatherPeriodDebug.lua;client
OnClothingUpdated;ISCharacterInfoWindow.lua;client
OnClothingUpdated;ISHotbar.lua;client
OnConnected;ConnectToServer.lua;client
OnConnected;CoopOptionsScreen.lua;client
OnConnected;ISMPEditAccount.lua;client
OnConnectFailed;ConnectToServer.lua;client
OnConnectFailed;CoopOptionsScreen.lua;client
OnConnectFailed;ISMPEditAccount.lua;client
OnConnectionStateChanged;ConnectToServer.lua;client
OnConnectionStateChanged;CoopOptionsScreen.lua;client
OnContainerUpdate;ISInventoryPage.lua;client
OnContextKey;CFarming_Interact.lua;client
OnContextKey;ISGrabCorpseAction.lua;shared
OnCoopJoinFailed;JoyPadSetup.lua;shared
OnCoopServerMessage;CoopOptionsScreen.lua;client
OnCreatePlayer;ISPerkLog.lua;shared
OnCreatePlayer;ISPlayerData.lua;client
OnCreatePlayer;ISSearchManager.lua;client
OnCreatePlayer;ISSearchWindow.lua;client
OnCreatePlayer;LastStandSetup.lua;client
OnCreatePlayer;SurvivalGuideManager.lua;client
OnCreatePlayer;TutorialSetup.lua;client
OnCreateSurvivor;MainCreationMethods.lua;shared
OnDeadBodySpawn;ISWorldObjectContextMenu.lua;client
OnDesignationZoneUpdatedNetwork;ISDesignationZonePanel.lua;client
OnDestroyIsoThumpable;ISBuildingObject.lua;server
OnDestroyIsoThumpable;SGlobalObjectSystem.lua;server
OnDeviceText;ISRadioInteractions.lua;shared
OnDisconnect;ConnectToServer.lua;client
OnDisconnect;ISMPEditAccount.lua;client
OnDistributionMerge;SuburbsDistributions.lua;server
OnDoTileBuilding2;ISBuildingObject.lua;server
OnDoTileBuilding3;ISBuildingObject.lua;server
OnDynamicMovableRecipe;ISMoveableSpriteProps.lua;shared
onEnableSearchMode;ISSearchWindow.lua;client
OnEnterVehicle;ISVehicleDashboard.lua;client
OnEquipPrimary;FishingHandler.lua;client
OnEquipPrimary;ISRadioWindow.lua;client
OnEquipSecondary;ISRadioWindow.lua;client
OnExitVehicle;ISVehicleDashboard.lua;client
OnFillContainer;LootLog.lua;server
OnFillInventoryObjectContextMenu;ISContextManager.lua;client
OnFillInventoryObjectContextMenu;ISRemoveItemTool.lua;client
OnFillWorldObjectContextMenu;AdminContextMenu.lua;client
OnFillWorldObjectContextMenu;corpseStorageCheck.lua;shared
OnFillWorldObjectContextMenu;ISHutchMenu.lua;client
OnFillWorldObjectContextMenu;ISInventoryBuildMenu.lua;client
OnFillWorldObjectContextMenu;ISSearchManager.lua;client
OnFillWorldObjectContextMenu;ISVehicleMenu.lua;client
OnFishingActionMPUpdate;Bobber.lua;shared
OnFishingActionMPUpdate;FishingManager.lua;client
OnGameBoot;DebugDemoTime.lua;client
OnGameBoot;ISMoveableDefinitions.lua;shared
OnGameBoot;ISRadioInteractions.lua;shared
OnGameBoot;ISSearchManager.lua;client
OnGameBoot;MainCreationMethods.lua;shared
OnGameBoot;SGlobalObjectSystem.lua;server
OnGamepadConnect;JoyPadSetup.lua;shared
OnGamepadConnect;MainOptions.lua;client
OnGamepadDisconnect;JoyPadSetup.lua;shared
OnGamepadDisconnect;MainOptions.lua;client
OnGamepadDisconnect;MainScreen.lua;client
OnGameStart;AReallyCDDAy.lua;client
OnGameStart;CFarming_Interact.lua;client
OnGameStart;CustomTileProps.lua;shared
OnGameStart;DebugDemoTime.lua;client
OnGameStart;fishing_properties.lua;shared
OnGameStart;FishingHandler.lua;client
OnGameStart;ISAdminPowerUI.lua;client
OnGameStart;ISAlert.lua;client
OnGameStart;ISChat.lua;client
OnGameStart;ISCheatPanelUI.lua;client
OnGameStart;ISContextManager.lua;client
OnGameStart;ISDemoPopup.lua;client
OnGameStart;ISEmoteRadialMenu.lua;client
OnGameStart;ISFilmingToolsUI.lua;client
OnGameStart;ISFirearmRadialMenu.lua;client
OnGameStart;ISHotbar.lua;client
OnGameStart;ISInventoryPage.lua;client
OnGameStart;ISLightSourceRadialMenu.lua;client
OnGameStart;ISSearchManager.lua;client
OnGameStart;ISSleepingUI.lua;client
OnGameStart;ISUIHandler.lua;client
OnGameStart;ISVehicleDashboard.lua;client
OnGameStart;ISVersionWaterMark.lua;client
OnGameStart;JoyPadSetup.lua;shared
OnGameStart;LastStandSetup.lua;client
OnGameStart;MainScreen.lua;client
OnGameStart;season.lua;server
OnGameStart;SpawnItems.lua;shared
OnGameStart;StorySoundDebug.lua;client
OnGameStart;TutorialSetup.lua;client
OnGameStart;WelcomeMessageB42.lua;client
OnGameStart;WinterIsComing.lua;client
OnGameStateEnter;ISTermsOfServiceUI.lua;client
OnGameTimeLoaded;LuaNet.lua;shared
OnGameTimeLoaded;season.lua;server
OnGameTimeLoaded;TemplateReplacers.lua;server
OnGoogleAuthRequest;ConnectToServer.lua;client
OnHitZombie;DamageModelDefinitions.lua;shared
OnInitGlobalModData;forageClient.lua;client
OnInitGlobalModData;ProfessionVehicles.lua;server
OnInitRecordedMedia;ISRecordedMedia.lua;shared
OnInitSeasons;WinterIsComing.lua;client
OnInitWorld;CharacterCreationProfession.lua;client
OnInitWorld;LastStandPlayerSelect.lua;client
OnInitWorld;LastStandSetup.lua;client
OnInitWorld;TutorialSetup.lua;client
OnItemFound;forageSystem.lua;shared
OnJoypadActivate;ISDemoPopup.lua;client
OnJoypadActivate;JoyPadSetup.lua;shared
OnJoypadActivateUI;JoyPadSetup.lua;shared
OnJoypadBeforeDeactivate;JoyPadSetup.lua;shared
OnJoypadBeforeDeactivate;MainScreen.lua;client
OnJoypadBeforeReactivate;JoyPadSetup.lua;shared
OnJoypadDeactivate;JoyPadSetup.lua;shared
OnJoypadReactivate;JoyPadSetup.lua;shared
OnJoypadRenderUI;JoyPadSetup.lua;shared
OnKeyKeepPressed;ISChat.lua;client
OnKeyKeepPressed;ISEmoteRadialMenu.lua;client
OnKeyKeepPressed;ISFastTeleportMove.lua;client
OnKeyKeepPressed;ISFirearmRadialMenu.lua;client
OnKeyKeepPressed;ISHotbar.lua;client
OnKeyKeepPressed;ISLightSourceRadialMenu.lua;client
OnKeyKeepPressed;ISMoveableCursor.lua;server
OnKeyKeepPressed;ISWorldMap.lua;client
OnKeyPressed;BrushToolChooseTileUI.lua;client
OnKeyPressed;CFarming_Interact.lua;client
OnKeyPressed;Challenge2.lua;client
OnKeyPressed;CustomTileProps.lua;shared
OnKeyPressed;DebugDemoTime.lua;client
OnKeyPressed;debugUIHook.lua;client
OnKeyPressed;FPS.lua;client
OnKeyPressed;ISBuildingObject.lua;server
OnKeyPressed;ISChat.lua;client
OnKeyPressed;ISEmoteRadialMenu.lua;client
OnKeyPressed;ISEquippedItem.lua;client
OnKeyPressed;ISFilmingToolsUI.lua;client
OnKeyPressed;ISFirearmRadialMenu.lua;client
OnKeyPressed;ISHotbar.lua;client
OnKeyPressed;ISInventoryPage.lua;client
OnKeyPressed;ISLightSourceRadialMenu.lua;client
OnKeyPressed;ISMoveableCursor.lua;server
OnKeyPressed;ISMoveableInfoWindow.lua;client
OnKeyPressed;ISPickDungCursor.lua;server
OnKeyPressed;ISScytheGrassCursor.lua;server
OnKeyPressed;ISSearchManager.lua;client
OnKeyPressed;ISUIHandler.lua;client
OnKeyPressed;ISVehicleMenu.lua;client
OnKeyPressed;ISWorldMap.lua;client
OnKeyPressed;ItemBindingHandler.lua;server
OnKeyPressed;LoadGameScreen.lua;client
OnKeyPressed;MainScreen.lua;client
OnKeyPressed;SpeedControlsHandler.lua;client
OnKeyPressed;SurvivalGuideManager.lua;client
OnKeyPressed;TutorialMessage.lua;client
OnKeyPressed;XpUpdate.lua;server
OnKeyStartPressed;CFarming_Interact.lua;client
OnKeyStartPressed;ISEmoteRadialMenu.lua;client
OnKeyStartPressed;ISFastTeleportMove.lua;client
OnKeyStartPressed;ISFirearmRadialMenu.lua;client
OnKeyStartPressed;ISHotbar.lua;client
OnKeyStartPressed;ISLightSourceRadialMenu.lua;client
OnKeyStartPressed;IsoRegionsWindow.lua;client
OnKeyStartPressed;ISUIHandler.lua;client
OnKeyStartPressed;ISVehicleMenu.lua;client
OnKeyStartPressed;ISWorldMap.lua;client
OnKeyStartPressed;MainScreen.lua;client
OnLoad;XpUpdate.lua;server
OnLoadedMapZones;forageSystem.lua;shared
OnLoadedMapZones;StoryClutter_Initialization.lua;server
OnLoadMapZones;basements.lua;shared
OnLoadMapZones;metazoneHandler.lua;server
OnLoadRadioScripts;ISDynamicRadio.lua;server
OnLoadRadioScripts;ISWeatherChannel.lua;server
OnLoadSoundBanks;SoundBanks.lua;shared
OnMainMenuEnter;MainScreen.lua;client
OnMakeItem;XpUpdate.lua;server
OnMechanicActionDone;ISVehicleMechanics.lua;client
OnMiniScoreboardUpdate;ISFactionAddPlayerUI.lua;client
OnMiniScoreboardUpdate;ISMiniScoreboardUI.lua;client
OnMiniScoreboardUpdate;ISSafehouseAddPlayerUI.lua;client
OnMiniScoreboardUpdate;ISWorldMapSharing.lua;client
OnModsModified;LoadGameScreen.lua;client
OnModsModified;ModSelector.lua;client
OnMouseDown;GridSquareSelector.lua;server
OnMouseDown;ISBuildingBlueprintManager.lua;server
OnMouseDown;ISChat.lua;client
OnMouseWheel;FishingRod.lua;shared
OnMovingObjectCrop;farming_vegetableconf.lua;server
OnNetworkUsersReceived;ISAdminPanelUI.lua;client
OnNewGame;DebugScenarios.lua;client
OnNewGame;LastStandPlayerSelect.lua;client
OnNewGame;SpawnItems.lua;shared
OnNewGame;XpUpdate.lua;server
OnObjectAboutToBeRemoved;SGlobalObjectSystem.lua;server
OnObjectAdded;SGlobalObjectSystem.lua;server
OnObjectLeftMouseButtonDown;ISObjectClickHandler.lua;server
OnObjectLeftMouseButtonUp;ISObjectClickHandler.lua;server
OnObjectRightMouseButtonDown;ISObjectClickHandler.lua;server
OnObjectRightMouseButtonUp;ISObjectClickHandler.lua;server
OnOverrideSearchManager;ISSearchManager.lua;client
OnPlayerAttackFinished;ISReloadWeaponAction.lua;shared
OnPlayerDeath;ISBuildWindow.lua;client
OnPlayerDeath;ISDebugMenu.lua;client
OnPlayerDeath;ISHandcraftWindow.lua;client
OnPlayerDeath;ISMakeUpUI.lua;client
OnPlayerDeath;ISPerkLog.lua;shared
OnPlayerDeath;ISPlayerData.lua;client
OnPlayerDeath;ISPostDeathUI.lua;client
OnPlayerDeath;ISSearchManager.lua;client
OnPlayerDeath;ISSearchWindow.lua;client
OnPlayerDeath;ISWorldMap.lua;client
OnPlayerDeath;JoyPadSetup.lua;shared
OnPlayerDeath;LastStandSetup.lua;client
OnPlayerMove;XpUpdate.lua;server
OnPlayerUpdate;DebugDemoTime.lua;client
OnPlayerUpdate;FenrisScenario.lua;client
OnPlayerUpdate;Steps.lua;client
OnPostDistributionMerge;StoryClutter_Initialization.lua;server
OnPostDistributionMerge;SuburbsDistributions.lua;server
OnPostSave;ISEntityUI.lua;client
OnPostSave;ISLayoutManager.lua;client
OnPostSave;ISPlayerData.lua;client
OnPostUIDraw;LastStandSetup.lua;client
OnPostUIDraw;TutorialSetup.lua;client
OnPreDistributionMerge;SuburbsDistributions.lua;server
OnPressRackButton;ISReloadWeaponAction.lua;shared
OnPressReloadButton;ISReloadWeaponAction.lua;shared
OnPressWalkTo;ISWorldObjectContextMenu.lua;client
OnPreUIDraw;DebugDemoTime.lua;client
OnPreUIDraw;GridSquareSelector.lua;server
OnPreUIDraw;ISBuildingBlueprintManager.lua;server
OnProcessAction;ActionManager.lua;shared
OnProcessTransaction;TransactionProcessor.lua;server
OnQRReceived;ISMPEditAccount.lua;client
OnReceiveUserlog;ISPlayerStatsSuspicionActivityUI.lua;client
OnReceiveUserlog;ISPlayerStatsUI.lua;client
OnReceiveUserlog;ISPlayerStatsUserlogUI.lua;client
OnRenderTick;ISRemoveItemTool.lua;client
OnRenderTick;ISServerDisconnectUI.lua;client
OnRenderTick;JoyPadSetup.lua;shared
OnResetLua;MainScreen.lua;client
OnResetLua;MultiplayerUI.lua;client
OnResetLua;NewGameScreen.lua;client
OnResetLua;ServerSettingsScreen.lua;client
OnResolutionChange;DebugDemoTime.lua;client
OnResolutionChange;ISCharacterInfo.lua;client
OnResolutionChange;ISPlayerData.lua;client
OnResolutionChange;ISServerDisconnectUI.lua;client
OnResolutionChange;MainScreen.lua;client
OnRightMouseDown;ISMoveableCursor.lua;server
OnRolesReceived;ISAdminPanelUI.lua;client
OnRolesReceived;ISMultiplayerZoneEditor.lua;client
OnSafehousesChanged;ISAdminPanelUI.lua;client
OnSafehousesChanged;ISSafehousesList.lua;client
OnSafehousesChanged;ISSafehouseUI.lua;client
OnSafehousesChanged;MultiplayerZoneEditorMode_Safehouse.lua;client
OnScoreboardUpdate;ISFactionAddPlayerUI.lua;client
OnScoreboardUpdate;ISMiniScoreboardUI.lua;client
OnScoreboardUpdate;ISSafehouseAddPlayerUI.lua;client
OnScoreboardUpdate;ISScoreboard.lua;client
OnScoreboardUpdate;ISWorldMapSharing.lua;client
OnServerCommand;ISHealthPanel.lua;client
OnServerCommand;LuaNet.lua;shared
OnServerCommand;ServerCommands.lua;client
OnServerFinishSaving;ISServerSavingMessage.lua;client
OnServerStarted;CustomTileProps.lua;shared
OnServerStarted;fishing_properties.lua;shared
OnServerStarted;LuaNet.lua;shared
OnServerStartSaving;ISServerSavingMessage.lua;client
OnServerWorkshopItems;ServerWorkshopItemScreen.lua;client
OnSetDefaultTab;ISChat.lua;client
OnSGlobalObjectSystemInit;SGlobalObjectSystem.lua;server
OnSleepingTick;ISSleepingUI.lua;client
OnSpawnVehicleStart;ProfessionVehicles.lua;server
OnSteamFriendStatusChanged;InviteFriends.lua;client
OnSteamGameJoin;MainScreen.lua;client
OnSteamRefreshInternetServers;MultiplayerUI.lua;client
OnSteamRulesRefreshComplete;MultiplayerUI.lua;client
OnSteamServerFailedToRespond2;BootstrapConnectPopup.lua;client
OnSteamServerFailedToRespond2;MultiplayerUI.lua;client
OnSteamServerResponded;MultiplayerUI.lua;client
OnSteamServerResponded2;BootstrapConnectPopup.lua;client
OnSteamServerResponded2;MultiplayerUI.lua;client
OnSteamWorkshopItemCreated;WorkshopSubmitScreen.lua;client
OnSteamWorkshopItemNotCreated;WorkshopSubmitScreen.lua;client
OnSteamWorkshopItemNotUpdated;WorkshopSubmitScreen.lua;client
OnSteamWorkshopItemUpdated;WorkshopSubmitScreen.lua;client
OnSwitchVehicleSeat;ISVehicleDashboard.lua;client
OnTabAdded;ISChat.lua;client
OnTabRemoved;ISChat.lua;client
OnTemplateTextInit;TemplateReplacers.lua;server
OnThunderEvent;ThunderDebug.lua;client
OnTick;Challenge1.lua;client
OnTick;Challenge2.lua;client
OnTick;DebugContextMenu.lua;client
OnTick;DebugDemoTime.lua;client
OnTick;DiggingUtil.lua;client
OnTick;FenrisScenario.lua;client
OnTick;FishingManager.lua;client
OnTick;HealthUpdate.lua;server
OnTick;ISCampingMenu.lua;shared
OnTick;ISChat.lua;client
OnTick;ISDPadWheels.lua;client
OnTick;ISFastTeleportMove.lua;client
OnTick;ISObjectClickHandler.lua;server
OnTick;ISRadioInteractions.lua;shared
OnTick;ISTimedActionQueue.lua;client
OnTick;ISVehicleDashboard.lua;client
OnTick;RecipeTests.lua;client
OnTick;SurvivalGuideManager.lua;client
OnTick;TimedActionsTests.lua;client
OnTick;Tutorial1.lua;client
OnTick;WeatherFXDebug.lua;client
onUpdateIcon;ISSearchManager.lua;client
OnUseVehicle;Vehicles.lua;server
OnVehicleDamageTexture;ISVehicleDashboard.lua;client
OnVehicleHorn;Vehicles.lua;server
OnWarUpdate;ISWarManagerUI.lua;client
OnWaterAmountChange;SRainBarrelSystem.lua;server
OnWeaponHitTree;XpUpdate.lua;server
OnWeaponHitXp;Steps.lua;client
OnWeaponHitXp;XpUpdate.lua;server
OnWeaponSwingHitPoint;ISReloadWeaponAction.lua;shared
OnWeatherPeriodComplete;forageSystem.lua;shared
OnWeatherPeriodStage;forageSystem.lua;shared
OnWeatherPeriodStart;forageSystem.lua;shared
OnZombieDead;Challenge2.lua;client
OnZombieDead;Steps.lua;client
ReceiveFactionInvite;ISFactionUI.lua;client
ReceiveSafehouseInvite;ISSafehouseUI.lua;client
RefreshCheats;ISAdminPowerUI.lua;client
RenderOpaqueObjectsInWorld;Bobber.lua;shared
RenderOpaqueObjectsInWorld;ISBuildingObject.lua;server
RequestTrade;ISTradingUI.lua;client
ServerPinged;MultiplayerUI.lua;client
SetDragItem;ISBuildPanel.lua;client
SwitchChatStream;ISChat.lua;client
SyncFaction;ISFactionUI.lua;client
TradingUIAddItem;ISTradingUI.lua;client
TradingUIRemoveItem;ISTradingUI.lua;client
TradingUIUpdateState;ISTradingUI.lua;client
ViewBannedIPs;ISBannedIPViewer.lua;client
ViewBannedSteamIDs;ISBannedSteamIDViewer.lua;client
ViewTickets;ISAdminTicketsUI.lua;client
ViewTickets;ISTicketsUI.lua;client
