child;parent;file
AddChumToWaterAction;ISBaseTimedAction;AddChumToWaterAction.lua
AIAttachLureAction;ISBaseTimedAction;AIAttachLureAction.lua
AIRemoveLureAction;ISBaseTimedAction;AIRemoveLureAction.lua
AnimationClipViewer;ISPanel;AnimationClipViewer.lua
AnimationClipViewer_ListBox;ISScrollingListBox;AnimationClipViewer.lua
AnimationClipViewer_OptionsPanel;ISPanel;AnimationClipViewer.lua
AnimationClipViewer_Scene;ISUI3DScene;AnimationClipViewer.lua
AnimationClipViewer_SoundBar;ISPanel;AnimationClipViewer.lua
AnimationClipViewer_SoundPanel;ISPanel;AnimationClipViewer.lua
AnimationClipViewer_Timeline;ISPanel;AnimationClipViewer.lua
AnnotatedMapOverlay;ISPanel;ISWorldMap.lua
AttachmentEditorUI;ISPanel;AttachmentEditorUI.lua
AttachmentEditorUI_EditAttachment;EditPanel;AttachmentEditorUI.lua
AttachmentEditorUI_EditPanel;ISPanel;AttachmentEditorUI.lua
AttachmentEditorUI_ListBox;ISScrollingListBox;AttachmentEditorUI.lua
AttachmentEditorUI_Scene;ISUI3DScene;AttachmentEditorUI.lua
AttachmentEditorUI_SwitchView;ISUI3DScene;AttachmentEditorUI.lua
AttachmentEditorUI_WorldAttachmentPanel;ISPanel;AttachmentEditorUI.lua
BandageStep;TutorialStep;Steps.lua
BaseServerSettingsPanel;ISPanelJoypad;ServerSettingsScreen.lua
BootstrapConnectPopup;ISPanelJoypad;BootstrapConnectPopup.lua
BrushToolChooseTileUI;ISCollapsableWindow;BrushToolChooseTileUI.lua
BrushToolManager;ISCollapsableWindow;BrushToolManager.lua
BrushToolTilePickerList;ISPanel;BrushToolChooseTileUI.lua
campingCampfire;ISBuildingObject;campingCampfire.lua
CCampfireGlobalObject;CGlobalObject;CCampfireGlobalObject.lua
CCampfireSystem;CGlobalObjectSystem;CCampfireSystem.lua
CFarmingSystem;CGlobalObjectSystem;CFarmingSystem.lua
CFeedingTroughGlobalObject;CGlobalObject;CFeedingTroughGlobalObject.lua
CFeedingTroughSystem;CGlobalObjectSystem;CFeedingTroughSystem.lua
CGlobalObject;ISBaseObject;CGlobalObject.lua
CGlobalObjectSystem;ISBaseObject;CGlobalObjectSystem.lua
CharacterCreationAvatar;ISPanelJoypad;CharacterCreationAvatar.lua
CharacterCreationMain;ISPanelJoypad;CharacterCreationMain.lua
CharacterCreationMainCharacterPanel;ISPanelJoypad;CharacterCreationMain.lua
CharacterCreationMainPresetPanel;ISPanelJoypad;CharacterCreationMain.lua
CharacterCreationProfession;ISPanelJoypad;CharacterCreationProfession.lua
ClimateColorsDebug;ISDebugSubPanelBase;ClimateColorsDebug.lua
ClimateControlDebug;ISDebugPanelBase;ClimateControlDebug.lua
ClimateDebug;ISCollapsableWindow;ClimateDebug.lua
ClimateOptionsDebug;ISDebugSubPanelBase;ClimateOptionsDebug.lua
ClimDebuggersPanel;ISDebugSubPanelBase;ClimDebuggersPanel.lua
ConnectToServer;ISPanelJoypad;ConnectToServer.lua
CoopCharacterCreation;ISPanelJoypad;CoopCharacterCreation.lua
CoopCharacterCreationMain;CharacterCreationMain;CoopCharacterCreationMain.lua
CoopCharacterCreationProfession;CharacterCreationProfession;CoopCharacterCreationProfession.lua
CoopMapSpawnSelect;MapSpawnSelect;CoopMapSpawnSelect.lua
CoopOptionsScreen;ISPanelJoypad;CoopOptionsScreen.lua
CoopOptionsScreenPanel;ISPanelJoypad;CoopOptionsScreen.lua
CoopUserName;ISPanelJoypad;CoopUserName.lua
CPlantGlobalObject;CGlobalObject;CPlantGlobalObject.lua
CRainBarrelGlobalObject;CGlobalObject;CRainBarrelGlobalObject.lua
CRainBarrelSystem;CGlobalObjectSystem;CRainBarrelSystem.lua
CreateChumFromGroundSandAction;ISBaseTimedAction;CreateChumFromGroundSandAction.lua
CTrapGlobalObject;CGlobalObject;CTrapGlobalObject.lua
CTrapSystem;CGlobalObjectSystem;CTrapSystem.lua
DailyValuesDebug;ISCollapsableWindow;DailyValuesDebug.lua
DebugChunkState_ObjectAtCursorPanel;ISPanel;DebugChunkState_ObjectAtCursorPanel.lua
DebugChunkState_ObjectPickerPanel;ISPanel;DebugChunkState_ObjectPickerPanel.lua
DebugChunkState_VehicleStoryPanel;ISPanel;DebugChunkState_VehicleStoryPanel.lua
DebugChunkStateUI;ISPanel;DebugChunkStateUI.lua
DebugChunkStateUI_DragCameraTool;Tool;DebugChunkState_Tools.lua
DebugChunkStateUI_ObjPropsHandler;ISPanel;DebugChunkState_ObjectProperties.lua
DebugChunkStateUI_ObjPropsPanel;ISSectionedPanel;DebugChunkState_ObjectProperties.lua
DebugChunkStateUI_OptionsPanel;ISPanel;DebugChunkStateUI.lua
DebugChunkStateUI_SpritePopupPanel;ISPanel;DebugChunkStateUI.lua
DebugChunkStateUI_SquarePanel;ISSectionedPanel;DebugChunkState_SquarePanel.lua
DebugChunkStateUI_SquarePropsHandler;ISPanel;DebugChunkState_SquarePanel.lua
DebugChunkStateUI_Tool;ISBaseObject;DebugChunkState_Tools.lua
DebugErrorsWindow;ISCollapsableWindow;DebugErrorsWindow.lua
DebuggerContextMenu;ISContextMenu;DebuggerContextMenu.lua
DebugGlobalObjectState_BasePropertiesPanel;ISPanel;DebugGlobalObjectState_PropertiesPanel.lua
DebugGlobalObjectState_GlobalObjectPanel;BasePropertiesPanel;DebugGlobalObjectState_PropertiesPanel.lua
DebugGlobalObjectState_IsoObjectPanel;BasePropertiesPanel;DebugGlobalObjectState_PropertiesPanel.lua
DebugGlobalObjectState_PropertiesPanel;ISSectionedPanel;DebugGlobalObjectState_PropertiesPanel.lua
DebugGlobalObjectState_SystemPanel;BasePropertiesPanel;DebugGlobalObjectState_PropertiesPanel.lua
DebugGlobalObjectStateUI;ISPanel;DebugGlobalObjectStateUI.lua
DebugGlobalObjectStateUI_DragCameraTool;Tool;DebugGlobalObjectState_Tools.lua
DebugGlobalObjectStateUI_Tool;ISBaseObject;DebugGlobalObjectState_Tools.lua
DebugLogSettings;ISCollapsableWindow;DebugLogSettings.lua
DebugOptionsWindow;ISCollapsableWindow;DebugOptionsWindow.lua
DebugScenarios;ISPanel;DebugScenarios.lua
DebugToolstrip;ISPanel;DebugToolstrip.lua
EditVehicleState_EditPhysics_PhysicsMeshPanel;ISPanel;EditVehicleState.lua
EditVehicleUI;ISPanel;EditVehicleState.lua
EditVehicleUI_EditArea;EditPanel;EditVehicleState.lua
EditVehicleUI_EditAttachment;EditPanel;EditVehicleState.lua
EditVehicleUI_EditChassis;EditPanel;EditVehicleState.lua
EditVehicleUI_EditPanel;ISPanel;EditVehicleState.lua
EditVehicleUI_EditPart;EditPanel;EditVehicleState.lua
EditVehicleUI_EditPassenger;EditPanel;EditVehicleState.lua
EditVehicleUI_EditPhysics;EditPanel;EditVehicleState.lua
EditVehicleUI_EditWheel;EditPanel;EditVehicleState.lua
EditVehicleUI_ListBox;ISScrollingListBox;EditVehicleState.lua
EditVehicleUI_Scene;ISUI3DScene;EditVehicleState.lua
EditVehicleUI_SwitchView;ISUI3DScene;EditVehicleState.lua
farmingPlot;ISBuildingObject;farmingPlot.lua
FightStep;TutorialStep;Steps.lua
FireBrushUI;ISPanelJoypad;FireBrushUI.lua
FishingDebugWindow;ISPanelJoypad;FishingDebugWindow.lua
fishingNet;ISBuildingObject;FishingNet.lua
FloatArrayPlotter;ISPanel;FloatArrayPlotter.lua
ForecasterDebug;ISPanel;ForecasterDebug.lua
GlobalModDataDebug;ISPanel;GlobalModData.lua
HealthPanelAction;ISBaseTimedAction;ISHealthPanel.lua
InterpolationPeriodDebug;ISCollapsableWindow;InterpolationPeriodDebug.lua
InterpolationPlayerPeriodDebug;ISCollapsableWindow;InterpolationPlayerPeriodDebug.lua
InventoryLootingStep;TutorialStep;Steps.lua
InventoryUseStep;TutorialStep;Steps.lua
InviteFriends;ISPanelJoypad;InviteFriends.lua
ISActivateCarBatteryChargerAction;ISBaseTimedAction;ISActivateCarBatteryChargerAction.lua
ISActivateGenerator;ISBaseTimedAction;ISActivateGenerator.lua
ISAddAnimalInTrailer;ISBaseTimedAction;ISAddAnimalInTrailer.lua
ISAddBaitAction;ISBaseTimedAction;ISAddBaitAction.lua
ISAddBaitToFishNetAction;ISBaseTimedAction;ISAddBaitToFishNetAction.lua
ISAddCompost;ISBaseTimedAction;ISAddCompost.lua
ISAddDesignationAnimalZoneUI;ISPanelJoypad;ISAddDesignationAnimalZoneUI.lua
ISAddFluidFromItemAction;ISBaseTimedAction;ISAddFluidFromItemAction.lua
ISAddFuel;ISBaseTimedAction;ISAddFuel.lua
ISAddFuelAction;ISBaseTimedAction;ISAddFuelAction.lua
ISAddGasolineToVehicle;ISBaseTimedAction;ISAddGasolineToVehicle.lua
ISAddGeneticDisorderUI;ISPanel;ISAddGeneticDisorderUIU.lua
ISAddItemInRecipe;ISBaseTimedAction;ISAddItemInRecipe.lua
ISAddNonPvpZoneUI;ISPanel;ISAddNonPvpZoneUI.lua
ISAddSafeZoneUI;ISPanel;ISAddSafeZoneUI.lua
ISAddSheetAction;ISBaseTimedAction;ISAddSheetAction.lua
ISAddSheetRope;ISBaseTimedAction;ISAddSheetRope.lua
ISAddTakeDispenserBottle;ISBaseTimedAction;ISAddTakeDispenserBottle.lua
ISAddWaterToTrough;ISBaseTimedAction;ISAddWaterToTrough.lua
ISAdminMessage;ISPanel;ISAdminMessage.lua
ISAdminPanelUI;ISPanel;ISAdminPanelUI.lua
ISAdminPowerUI;ISPanel;ISAdminPowerUI.lua
ISAdminTicketsUI;ISPanel;ISAdminTicketsUI.lua
ISAdminWeather;ISDebugPanelBase;ISAdminWeather.lua
ISAdmPanelClimate;ISDebugSubPanelBase;ISAdmPanelClimate.lua
ISAdmPanelWeather;ISDebugSubPanelBase;ISAdmPanelWeather.lua
ISAlarmClockDialog;ISPanelJoypad;ISAlarmClockDialog.lua
ISAlert;ISUIElement;ISAlert.lua
ISAnimalAvatar;ISUI3DModel;ISAnimalUI.lua
ISAnimalBehaviorDebugUI;ISCollapsableWindow;ISAnimalBehaviorDebugUI.lua
ISAnimalGenomeUI;ISCollapsableWindow;ISAnimalGenomeUI.lua
ISAnimalInVehiclePanel;ISPanelJoypad;ISVehicleAnimalUI.lua
ISAnimalPickMateCursor;ISPickCharacterCursor;ISAnimalPickMateCursor.lua
ISAnimalTracksUI;ISCollapsableWindow;ISAnimalTracksUI.lua
ISAnimalUI;ISCollapsableWindowJoypad;ISAnimalUI.lua
ISAnimalZoneFirstInfo;ISPanelJoypad;ISAnimalZoneFirstInfo.lua
ISAnimDebugMonitor;ISCollapsableWindow;ISAnimDebugMonitor.lua
ISAnimLoggerOutput;ISDebugSubPanelBase;ISAnimLoggerOutput.lua
ISApplyBandage;ISBaseTimedAction;ISApplyBandage.lua
ISApplyMakeUp;ISBaseTimedAction;ISApplyMakeUp.lua
ISAttachAnimalToPlayer;ISBaseTimedAction;ISAttachAnimalToPlayer.lua
ISAttachAnimalToTree;ISBaseTimedAction;ISAttachAnimalToTree.lua
ISAttachedItemsUI;ISCollapsableWindow;ISAttachedItemsUI.lua
ISAttachItemHotbar;ISBaseTimedAction;ISAttachItemHotbar.lua
ISAttachTrailerToVehicle;ISBaseTimedAction;ISAttachTrailerToVehicle.lua
ISAudioDebugPanel;ISDebugPanelBase;ISAudioDebugPanel.lua
ISBackButtonWheel;ISRadialMenu;ISBackButtonWheel.lua
ISBannedIPViewer;ISPanel;ISBannedIPViewer.lua
ISBannedSteamIDViewer;ISPanel;ISBannedSteamIDViewer.lua
ISBarbedWire;ISBuildingObject;ISBarbedWire.lua
ISBarricadeAction;ISBaseTimedAction;ISBarricadeAction.lua
ISBaseComponentPanel;ISPanel;ISBaseComponentPanel.lua
ISBaseEntityWindow;ISCollapsableWindow;ISBaseEntityWindow.lua
ISBaseIcon;ISPanel;ISBaseIcon.lua
ISBaseTimedAction;ISBaseObject;ISBaseTimedAction.lua
ISBatteryStatusDisplay;ISPanel;ISBatteryStatusDisplay.lua
ISBBQAddFuel;ISBaseTimedAction;ISBBQAddFuel.lua
ISBBQExtinguish;ISBaseTimedAction;ISBBQExtinguish.lua
ISBBQInfoAction;ISBaseTimedAction;ISBBQInfoAction.lua
ISBBQInfoWindow;ISCollapsableWindow;ISBBQInfoWindow.lua
ISBBQInsertPropaneTank;ISBaseTimedAction;ISBBQInsertPropaneTank.lua
ISBBQLightFromKindle;ISBaseTimedAction;ISBBQLightFromKindle.lua
ISBBQLightFromLiterature;ISBaseTimedAction;ISBBQLightFromLiterature.lua
ISBBQLightFromPetrol;ISBaseTimedAction;ISBBQLightFromPetrol.lua
ISBBQRemovePropaneTank;ISBaseTimedAction;ISBBQRemovePropaneTank.lua
ISBBQToggle;ISBaseTimedAction;ISBBQToggle.lua
ISBodyPartPanel;ISPanelJoypad;ISBodyPartPanel.lua
ISBombTimerDialog;ISPanelJoypad;ISBombTimerDialog.lua
ISBrushToolTileCursor;ISBuildingObject;ISBrushToolTileCursor.lua
ISBuildAction;ISBaseTimedAction;ISBuildAction.lua
ISBuildCursorMouse;ISBuildingObject;ISBuildCursorMouse.lua
ISBuildingObject;ISBaseObject;ISBuildingObject.lua
ISBuildingRoomsEditor_ToolAddBuilding;ISBuildingRoomsEditor_ToolAddRect;ISBuildingRoomsEditor_ToolAddBuilding.lua
ISBuildingRoomsEditor_ToolAddRect;ISBuildingObject;ISBuildingRoomsEditor_ToolAddRect.lua
ISBuildingRoomsEditor_ToolAddRoom;ISBuildingRoomsEditor_ToolAddRect;ISBuildingRoomsEditor_ToolAddRoom.lua
ISBuildingRoomsEditor_ToolRemoveRect;ISBuildingObject;ISBuildingRoomsEditor_ToolRemoveRect.lua
ISBuildIsoEntity;ISBuildingObject;ISBuildIsoEntity.lua
ISBuildPanel;ISPanel;ISBuildPanel.lua
ISBuildRampCursor;ISBuildingObject;ISBuildRampCursor.lua
ISBuildRecipePanel;ISPanel;ISBuildRecipePanel.lua
ISBuildWidgetIngredientsInputs;ISPanelJoypad;ISBuildWidgetIngredientsInputs.lua
ISBuildWindow;ISCollapsableWindow;ISBuildWindow.lua
ISBuildWindowHeader;ISPanel;ISBuildWindowHeader.lua
ISBurnCorpseAction;ISBaseTimedAction;ISBurnCorpseAction.lua
ISBuryCorpse;ISBaseTimedAction;ISBuryCorpse.lua
ISButcherAnimal;ISBaseTimedAction;ISButcherAnimal.lua
ISButcherHookUI;ISCollapsableWindowJoypad;ISButcherHookUI.lua
ISButcheringDebugUI;ISCollapsableWindow;ISButcheringDebugUI.lua
ISButcheringHook;ISBuildingObject;ISButcheringHook.lua
ISButton;ISPanel;ISButton.lua
ISButtonPrompt;ISUIElement;ISButtonPrompt.lua
ISCampingInfoAction;ISBaseTimedAction;ISCampingInfoAction.lua
ISCampingInfoWindow;ISCollapsableWindow;ISCampingInfoWindow.lua
ISChallenge2PlayerUpWindow;ISPanelJoypad;ISChallenge2PlayerUpWindow.lua
ISChallenge2UpgradeTab;ISCollapsableWindow;ISChallenge2UpgradeTab.lua
ISChallenge2VariousItemWindow;ISPanelJoypad;ISChallenge2VariousItemWindow.lua
ISChallenge2WeaponRepairWindow;ISPanelJoypad;ISChallenge2WeaponRepairWindow.lua
ISChallenge2WeaponUpWindow;ISPanelJoypad;ISChallenge2WeaponUpWindow.lua
ISChangeFishingRodEquip;ISBaseTimedAction;ISChangeFishingRodEquip.lua
ISCharacterDebugUI;ISPanel;ISCharacterDebugUI.lua
ISCharacterInfo;ISPanelJoypad;ISCharacterInfo.lua
ISCharacterInfoWindow;ISCollapsableWindow;ISCharacterInfoWindow.lua
ISCharacterProtection;ISPanelJoypad;ISCharacterProtection.lua
ISCharacterScreen;ISPanelJoypad;ISCharacterScreen.lua
ISCharacterScreenAvatar;ISUI3DModel;ISCharacterScreen.lua
ISChat;ISCollapsableWindow;ISChat.lua
ISCheatPanelUI;ISPanel;ISCheatPanelUI.lua
ISCheckAnimalInsideTrailer;ISBaseTimedAction;ISCheckAnimalInsideTrailer.lua
ISCheckFishingNetAction;ISBaseTimedAction;ISCheckFishingNetAction.lua
ISCheckTrapAction;ISBaseTimedAction;ISCheckTrapAction.lua
ISChopTreeAction;ISBaseTimedAction;ISChopTreeAction.lua
ISChopTreeCursor;ISBuildingObject;ISChopTreeCursor.lua
ISCleanBandage;ISBaseTimedAction;ISCleanBandage.lua
ISCleanBlood;ISBaseTimedAction;ISCleanBlood.lua
ISCleanBloodCursor;ISBuildingObject;ISCleanBloodCursor.lua
ISCleanBurn;ISBaseTimedAction;ISCleanBurn.lua
ISCleanGraffiti;ISBaseTimedAction;ISCleanGraffiti.lua
ISCleanGraffitiCursor;ISBuildingObject;ISCleanGraffitiCursor.lua
ISClearAshes;ISBaseTimedAction;ISClearAshes.lua
ISClimbOverFence;ISBaseTimedAction;ISClimbOverFence.lua
ISClimbSheetRopeAction;ISBaseTimedAction;ISClimbSheetRopeAction.lua
ISClimbThroughWindow;ISBaseTimedAction;ISClimbThroughWindow.lua
ISCloseVehicleDoor;ISBaseTimedAction;ISCloseVehicleDoor.lua
ISClothingExtraAction;ISBaseTimedAction;ISClothingExtraAction.lua
ISClothingInsPanel;ISPanelJoypad;ISClothingInsPanel.lua
ISCollapsableModalRichText;ISCollapsableWindow;ISCollapsableModalRichText.lua
ISCollapsableWindow;ISPanel;ISCollapsableWindow.lua
ISCollapsableWindowJoypad;ISPanelJoypad;ISCollapsableWindowJoypad.lua
ISColorPicker;ISPanelJoypad;ISColorPicker.lua
ISColorPickerHSB;ISPanelJoypad;ISColorPickerHSB.lua
ISComboBox;ISPanel;ISComboBox.lua
ISComboBoxEditor;ISTextEntryBox;ISComboBox.lua
ISComboBoxPopup;ISScrollingListBox;ISComboBox.lua
ISComfreyCataplasm;ISBaseTimedAction;ISComfreyCataplasm.lua
ISComponentsListPanel;ISPanel;ISComponentsListPanel.lua
ISComponentsTabPanel;ISPanel;ISComponentsTabPanel.lua
ISCompost;ISBuildingObject;ISCompost.lua
ISConfigHeadlight;ISBaseTimedAction;ISConfigHeadlight.lua
ISConfirmMonitorSettingsDialog;ISModalDialog;ISConfirmMonitorSettingsDialog.lua
ISConnectCarBatteryToChargerAction;ISBaseTimedAction;ISConnectCarBatteryToChargerAction.lua
ISConsolidateDrainable;ISBaseTimedAction;ISConsolidateDrainable.lua
ISContextMenu;ISPanel;ISContextMenu.lua
ISControllerTestPanel;ISPanel;ISControllerTestPanel.lua
ISCraftAction;ISBaseTimedAction;ISCraftAction.lua
ISCraftAnimAction;ISBaseTimedAction;ISCraftAnimAction.lua
ISCraftBenchPanel;ISBaseComponentPanel;ISCraftBenchPanel.lua
ISCraftInputItemNode;ISBaseObject;ISCraftInputItems.lua
ISCraftInputItems;ISBaseObject;ISCraftInputItems.lua
ISCraftInventoryPanel;ISPanel;ISCraftInventoryPanel.lua
ISCraftLogicPanel;ISBaseComponentPanel;ISCraftLogicPanel.lua
ISCraftLogicRecipePanel;ISPanel;ISCraftLogicRecipePanel.lua
ISCraftRecipeDbgWindow;ISCollapsableWindow;ISCraftRecipeDbgWindow.lua
ISCraftRecipeIconsPanel;ISPanel;ISCraftRecipeIconsPanel.lua
ISCraftRecipeInfoBox;ISPanel;ISCraftRecipeInfoBox.lua
ISCraftRecipeMonitor;ISCollapsableWindow;ISCraftRecipeMonitor.lua
ISCraftRecipeOverviewPanel;ISPanel;ISCraftRecipeOverviewPanel.lua
ISCraftRecipePanel;ISPanel;ISCraftRecipePanel.lua
ISCraftRecipeQueriesPanel;ISPanel;ISCraftRecipeQueriesPanel.lua
ISCraftRecipeTagsDebugPanel;ISPanel;ISCraftRecipeTagsDebugPanel.lua
ISCraftRecipeTagsPanel;ISPanel;ISCraftRecipeTagsPanel.lua
ISCraftRecipeTooltip;ISPanel;ISCraftRecipeTooltip.lua
ISCreateFactionTagUI;ISPanel;ISCreateFactionTagUI.lua
ISCreateFactionUI;ISPanel;ISCreateFactionUI.lua
ISCurePlantAction;ISBaseTimedAction;ISCurePlantAction.lua
ISCutAnimalOnHook;ISBaseTimedAction;ISCutAnimalOnHook.lua
ISCutHair;ISBaseTimedAction;ISCutHair.lua
ISDebugAnimationTextUI;ISCollapsableWindow;ISDebugAnimationTextUI.lua
ISDebugAvatarUI;ISCollapsableWindow;ISDebugAvatarUI.lua
ISDebugBlood;ISDebugSubPanelBase;ISDebugBlood.lua
ISDebugMenu;ISPanel;ISDebugMenu.lua
ISDebugPanelBase;ISPanel;ISDebugPanelBase.lua
ISDebugSubPanelBase;ISPanel;ISDebugSubPanelBase.lua
ISDeflateTire;ISBaseTimedAction;ISDeflateTire.lua
ISDemoPopup;ISPanel;ISDemoPopup.lua
ISDesignationZoneAnimalZoneUI;ISPanelJoypad;ISDesignationAnimalZoneUI.lua
ISDesignationZoneAnimalZoneUI_AnimalsPanel;ISPanelJoypad;ISDesignationAnimalZoneUI.lua
ISDesignationZonePanel;ISCollapsableWindowJoypad;ISDesignationZonePanel.lua
ISDestroyCursor;ISBuildingObject;ISDestroyCursor.lua
ISDestroyStuffAction;ISBaseTimedAction;ISDestroyStuffAction.lua
ISDetachItemHotbar;ISBaseTimedAction;ISDetachItemHotbar.lua
ISDetachTrailerFromVehicle;ISBaseTimedAction;ISDetachTrailerFromVehicle.lua
ISDeviceBatteryAction;ISBaseTimedAction;ISDeviceBatteryAction.lua
ISDeviceMediaAction;ISBaseTimedAction;ISDeviceMediaAction.lua
ISDigitalCode;ISPanelJoypad;ISDigitalCode.lua
ISDigStairsAction;ISBaseTimedAction;ISDigStairsAction.lua
ISDisinfect;ISBaseTimedAction;ISDisinfect.lua
ISDismantleAction;ISBaseTimedAction;ISDismantleAction.lua
ISDoubleDoor;ISBuildingObject;ISDoubleDoor.lua
ISDoubleTileFurniture;ISBuildingObject;ISDoubleTileFurniture.lua
ISDrinkFluidAction;ISBaseTimedAction;ISDrinkFluidAction.lua
ISDrinkFromBottle;ISBaseTimedAction;ISDrinkFromBottle.lua
ISDropCorpseAction;ISBaseTimedAction;ISDropCorpseAction.lua
ISDropCorpseIntoContainer;ISBaseTimedAction;ISDropCorpseIntoContainer.lua
ISDropVehicleItemAction;ISBaseTimedAction;ISDropVehicleItemAction.lua
ISDropWorldItemAction;ISBaseTimedAction;ISDropWorldItemAction.lua
ISDryMyself;ISBaseTimedAction;ISDryMyself.lua
ISDumpContentsAction;ISBaseTimedAction;ISDumpContentsAction.lua
ISDumpWaterAction;ISBaseTimedAction;ISDumpWaterAction.lua
ISDuplicateKeybindDialog;ISPanel;ISDuplicateKeybindDialog.lua
ISDyeHair;ISBaseTimedAction;ISDyeHair.lua
ISEatFoodAction;ISBaseTimedAction;ISEatFoodAction.lua
ISEjectMagazine;ISBaseTimedAction;ISEjectMagazine.lua
ISEmoteRadialMenu;ISBaseObject;ISEmoteRadialMenu.lua
ISEmptyGraves;ISBuildingObject;ISEmptyGraves.lua
ISEmptyRainBarrelAction;ISBaseTimedAction;ISEmptyRainBarrelAction.lua
ISEmptyWaterInTrough;ISBaseTimedAction;ISEmptyWaterInTrough.lua
ISEnergyBar;ISUIElement;ISEnergyBar.lua
ISEnergySlot;ISPanel;ISEnergySlot.lua
ISEnergySlotPanel;ISGroupBox;ISEnergySlotPanel.lua
ISEnterVehicle;ISBaseTimedAction;ISEnterVehicle.lua
ISEntitiesDebugWindow;ISCollapsableWindow;ISEntitiesDebugWindow.lua
ISEntityInstancesPanel;ISPanel;ISEntityInstancesPanel.lua
ISEntityScriptsPanel;ISPanel;ISEntityScriptsPanel.lua
ISEntityTabWindow;ISBaseEntityWindow;ISEntityTabWindow.lua
ISEntityViewPanel;ISPanel;ISEntityViewPanel.lua
ISEntityViewWindow;ISCollapsableWindow;ISEntityViewWindow.lua
ISEntityWindow;ISBaseEntityWindow;ISEntityWindow.lua
ISEquipHeavyItem;ISBaseTimedAction;ISEquipHeavyItem.lua
ISEquippedItem;ISPanel;ISEquippedItem.lua
ISEquipWeaponAction;ISBaseTimedAction;ISEquipWeaponAction.lua
ISExitVehicle;ISBaseTimedAction;ISExitVehicle.lua
ISExtAnimListDebugUI;ISCollapsableWindow;ISExtAnimListDebugUI.lua
ISExtendedPlacementAction;ISBaseTimedAction;ISExtendedPlacementAction.lua
ISExtendedPlacementUI;ISCollapsableWindow;ISExtendedPlacementUI.lua
ISExtinguishCursor;ISBuildingObject;ISExtinguishCursor.lua
ISFactionAddPlayerUI;ISPanel;ISFactionAddPlayerUI.lua
ISFactionsList;ISPanel;ISFactionsList.lua
ISFactionUI;ISPanel;ISFactionUI.lua
ISFarmingCursor;ISBuildingObject;ISFarmingCursor.lua
ISFarmingCursorMouse;ISBuildingObject;ISFarmingCursorMouse.lua
ISFarmingInfo;ISPanelJoypad;ISFarmingInfo.lua
ISFarmingWindow;ISCollapsableWindow;ISFarmingWindow.lua
ISFeedAnimalFromHand;ISBaseTimedAction;ISFeedAnimalFromHand.lua
ISFeedingTrough;ISBuildingObject;ISFeedingTrough.lua
ISFeedingTroughUI;ISCollapsableWindow;ISFeedingTroughUI.lua
ISFertilizeAction;ISBaseTimedAction;ISFertilizeAction.lua
ISFillGrave;ISBaseTimedAction;ISFillGrave.lua
ISFilmingToolsUI;ISCollapsableWindow;ISFilmingToolsUI.lua
ISFirearmRadialMenu;ISBaseObject;ISFirearmRadialMenu.lua
ISFitnessAction;ISBaseTimedAction;ISFitnessAction.lua
ISFitnessUI;ISPanelJoypad;ISFitnessUI.lua
ISFixAction;ISBaseTimedAction;ISFixAction.lua
ISFixGenerator;ISBaseTimedAction;ISFixGenerator.lua
ISFixVehiclePartAction;ISBaseTimedAction;ISFixVehiclePartAction.lua
ISFluidBar;ISPanel;ISFluidBar.lua
ISFluidCategoriesViewPanel;ISPanel;ISFluidCategoriesViewPanel.lua
ISFluidContainer;ISBaseObject;ISFluidContainer.lua
ISFluidContainerPanel;ISPanel;ISFluidContainerPanel.lua
ISFluidDebugWindow;ISCollapsableWindow;ISFluidDebugWindow.lua
ISFluidEmptyAction;ISBaseTimedAction;ISFluidEmptyAction.lua
ISFluidInfoUI;ISPanelJoypad;ISFluidInfoUI.lua
ISFluidItemsViewPanel;ISPanel;ISFluidItemsViewPanel.lua
ISFluidMixerViewPanel;ISPanel;ISFluidMixerViewPanel.lua
ISFluidOverviewPanel;ISPanel;ISFluidOverviewPanel.lua
ISFluidPanelAction;ISBaseTimedAction;ISFluidPanelAction.lua
ISFluidSlot;ISPanel;ISFluidSlot.lua
ISFluidSlotPanel;ISGroupBox;ISFluidSlotPanel.lua
ISFluidTransferAction;ISBaseTimedAction;ISFluidTransferAction.lua
ISFluidTransferUI;ISPanelJoypad;ISFluidTransferUI.lua
ISFluidViewPanel;ISPanel;ISFluidViewPanel.lua
ISFMODEventPlayerPanel;ISDebugSubPanelBase;ISFMODEventPlayerPanel.lua
ISFMODEventPlayerParameterEditor;ISBaseObject;ISFMODEventPlayerPanel.lua
ISForageAction;ISBaseTimedAction;ISForageAction.lua
ISForageIcon;ISBaseIcon;ISForageIcon.lua
ISGameDebugPanel;ISDebugSubPanelBase;ISGameDebugPanel.lua
ISGameSounds;ISPanelJoypad;ISGameSounds.lua
ISGameSoundVolumeControl;ISPanel;ISGameSoundVolumeControl.lua
ISGarlicCataplasm;ISBaseTimedAction;ISGarlicCataplasm.lua
ISGarmentUI;ISCollapsableWindow;ISGarmentUI.lua
ISGatherBloodFromAnimal;ISBaseTimedAction;ISGatherBloodFromAnimal.lua
ISGeneralCheats;ISDebugSubPanelBase;ISGeneralCheats.lua
ISGeneralDebug;ISDebugPanelBase;ISGeneralDebug.lua
ISGeneratorInfoAction;ISBaseTimedAction;ISGeneratorInfoAction.lua
ISGeneratorInfoWindow;ISCollapsableWindow;ISGeneratorInfoWindow.lua
ISGenericCraftStart;ISBaseTimedAction;ISGenericCraftStart.lua
ISGetAnimalBones;ISBaseTimedAction;ISGetAnimalBones.lua
ISGetCompost;ISBaseTimedAction;ISGetCompost.lua
ISGetHutchInfo;ISBaseTimedAction;ISGetHutchInfo.lua
ISGetOnBedAction;ISBaseTimedAction;ISGetOnBedAction.lua
ISGiveWaterToAnimal;ISBaseTimedAction;ISGiveWaterToAnimal.lua
ISGrabCorpseAction;ISBaseTimedAction;ISGrabCorpseAction.lua
ISGrabCorpseItem;ISBaseTimedAction;ISGrabCorpseItem.lua
ISGrabItemAction;ISBaseTimedAction;ISGrabItemAction.lua
ISGradientBar;ISPanel;ISGradientBar.lua
ISGroupBox;ISPanel;ISGroupBox.lua
ISHandcraftAction;ISBaseTimedAction;ISHandcraftAction.lua
ISHandCraftPanel;ISPanel;ISHandCraftPanel.lua
ISHandcraftWindow;ISCollapsableWindow;ISHandcraftWindow.lua
ISHandcraftWindowHeader;ISPanel;ISHandcraftWindowHeader.lua
ISHarvestPlantAction;ISBaseTimedAction;ISHarvestPlantAction.lua
ISHealthBodyPartListBox;ISScrollingListBox;ISHealthPanel.lua
ISHealthBodyPartPanel;ISBodyPartPanel;ISHealthPanel.lua
ISHealthPanel;ISPanelJoypad;ISHealthPanel.lua
ISHorn;ISBaseTimedAction;ISHorn.lua
ISHotbar;ISPanelJoypad;ISHotbar.lua
ISHotwireVehicle;ISBaseTimedAction;ISHotwireVehicle.lua
ISHurricaneLanternExtinguish;ISBaseTimedAction;ISHurricaneLanternExtinguish.lua
ISHutch;ISBuildingObject;ISHutch.lua
ISHutch3DModel;ISUI3DModel;ISHutchUI.lua
ISHutchCleanFloor;ISBaseTimedAction;ISHutchCleanFloor.lua
ISHutchCleanNest;ISBaseTimedAction;ISHutchCleanNest.lua
ISHutchGrabAnimal;ISBaseTimedAction;ISHutchGrabAnimal.lua
ISHutchGrabCorpseAction;ISBaseTimedAction;ISHutchGrabCorpseAction.lua
ISHutchGrabEgg;ISBaseTimedAction;ISHutchGrabEgg.lua
ISHutchNestBox;ISPanel;ISHutchUI.lua
ISHutchNestParentPanel;ISPanelJoypad;ISHutchUI.lua
ISHutchRoost;ISPanelJoypad;ISHutchUI.lua
ISHutchRoostParentPanel;ISPanelJoypad;ISHutchUI.lua
ISHutchUI;ISCollapsableWindowJoypad;ISHutchUI.lua
ISImage;ISPanel;ISImage.lua
ISInflateTire;ISBaseTimedAction;ISInflateTire.lua
ISInfoContainer;ISCollapsableWindow;ISInfoContainer.lua
ISInsertLightSourceFuelAction;ISBaseTimedAction;ISInsertLightSourceFuelAction.lua
ISInsertMagazine;ISBaseTimedAction;ISInsertMagazine.lua
ISInspectAnimalTrackAction;ISBaseTimedAction;ISInspectAnimalTrackAction.lua
ISInstallVehiclePart;ISBaseTimedAction;ISInstallVehiclePart.lua
ISInventoryPage;ISPanel;ISInventoryPage.lua
ISInventoryPageContainerButtonPanel;ISPanel;ISInventoryPage.lua
ISInventoryPane;ISPanel;ISInventoryPane.lua
ISInventoryTransferAction;ISBaseTimedAction;ISInventoryTransferAction.lua
ISInventoryWindowContainerControls;ISPanelJoypad;ISInventoryWindowContainerControls.lua
ISInventoryWindowControlHandler;ISBaseObject;ISInventoryWindowControlHandler.lua
ISInventoryWindowControlHandler_TransferAll;ISInventoryWindowControlHandler;TransferAll.lua
ISInventoryWindowControlHandler_TransferSameType;ISInventoryWindowControlHandler;TransferSameType.lua
ISInventoryWindowControlHandler_TransferSameTypeMultiContainer;ISInventoryWindowControlHandler;TransferSameTypeMultiContainer.lua
ISItemDropBox;ISPanel;ISItemDropBox.lua
ISItemEditorUI;ISPanel;ISItemEditorUI.lua
ISItemEditPanel;ISPanel;ISItemEditPanel.lua
ISItemsListTable;ISPanel;ISItemsListTable.lua
ISItemsListViewer;ISPanel;ISItemsListViewer.lua
ISItemSlot;ISPanel;ISItemSlot.lua
ISItemSlotAddAction;ISBaseTimedAction;ISItemSlotAddAction.lua
ISItemSlotPanel;ISGroupBox;ISItemSlotPanel.lua
ISItemSlotRemoveAction;ISBaseTimedAction;ISItemSlotRemoveAction.lua
ISJoypadDebugUI;ISUIElement;ISJoypadDebugUI.lua
ISJoypadDisconnectedUI;ISUIElement;ISJoypadDisconnectedUI.lua
ISJoypadListBox;ISScrollingListBox;ISJoyPadListBox.lua
ISKillAnimal;ISBaseTimedAction;ISKillAnimal.lua
ISKillAnimalInInventory;ISBaseTimedAction;ISKillAnimalInInventory.lua
ISKnob;ISUIElement;ISKnob.lua
ISLabel;ISUIElement;ISLabel.lua
ISLcdBar;ISPanel;ISLcdBar.lua
ISLedLight;ISPanel;ISLedLight.lua
ISLightActions;ISBaseTimedAction;ISLightActions.lua
ISLightbarUI;ISPanelJoypad;ISLightbarUI.lua
ISLightbarUITimedAction;ISBaseTimedAction;ISLightbarUITimedAction.lua
ISLightFromKindle;ISBaseTimedAction;ISLightFromKindle.lua
ISLightFromLiterature;ISBaseTimedAction;ISLightFromLiterature.lua
ISLightFromPetrol;ISBaseTimedAction;ISLightFromPetrol.lua
ISLightSource;ISBuildingObject;ISLightSource.lua
ISLightSourceRadialMenu;ISBaseObject;ISLightSourceRadialMenu.lua
ISLitCandleExtinguish;ISBaseTimedAction;ISLitCandleExtinguish.lua
ISLiteratureGrowingList;ISScrollingListBox;ISLiteratureUI.lua
ISLiteratureList;ISScrollingListBox;ISLiteratureUI.lua
ISLiteratureMediaList;ISScrollingListBox;ISLiteratureUI.lua
ISLiteratureUI;ISCollapsableWindowJoypad;ISLiteratureUI.lua
ISLoadBulletsInMagazine;ISBaseTimedAction;ISLoadBulletsInMagazine.lua
ISLockDoor;ISBaseTimedAction;ISLockDoor.lua
ISLockDoors;ISBaseTimedAction;ISLockDoors.lua
ISLockVehicleDoor;ISBaseTimedAction;ISLockVehicleDoor.lua
ISLootLog;ISPanelJoypad;ISLootLog.lua
ISLootStreetTestUI;ISCollapsableWindow;ISLootStressTestUI.lua
ISLootWindowContainerControls;ISPanelJoypad;ISLootWindowContainerControls.lua
ISLootWindowFloorControlHandler;ISBaseObject;ISLootWindowFloorControlHandler.lua
ISLootWindowFloorControlHandler_TakeAll;ISLootWindowFloorControlHandler;FloorTakeAll.lua
ISLootWindowFloorControlHandler_TakeSameType;ISLootWindowFloorControlHandler;FloorTakeSameType.lua
ISLootWindowObjectControlHandler;ISBaseObject;ISLootWindowObjectControlHandler.lua
ISLootWindowObjectControlHandler_AddCorpseToCampfire;ISLootWindowObjectControlHandler;AddCorpseToCampfire.lua
ISLootWindowObjectControlHandler_AddFuelOption;ISLootWindowObjectControlHandler;AddFuelOption.lua
ISLootWindowObjectControlHandler_ClothingDryerToggle;ISLootWindowObjectControlHandler;ClothingDryerToggle.lua
ISLootWindowObjectControlHandler_ClothingWasherToggle;ISLootWindowObjectControlHandler;ClothingWasherToggle.lua
ISLootWindowObjectControlHandler_CombinationWasherDryerSetMode;ISLootWindowObjectControlHandler;CombinationWasherDryerSetMode.lua
ISLootWindowObjectControlHandler_CombinationWasherDryerToggle;ISLootWindowObjectControlHandler;CombinationWasherDryerToggle.lua
ISLootWindowObjectControlHandler_LightFireOption;ISLootWindowObjectControlHandler;LightFuelOption.lua
ISLootWindowObjectControlHandler_MannequinSwitchOutfit;ISLootWindowObjectControlHandler;MannequinSwitchOutfit.lua
ISLootWindowObjectControlHandler_MannequinWearAll;ISLootWindowObjectControlHandler;MannequinWearAll.lua
ISLootWindowObjectControlHandler_MoveToFloor;ISLootWindowObjectControlHandler;MoveToFloor.lua
ISLootWindowObjectControlHandler_PropaneBarbecueAddTank;ISLootWindowObjectControlHandler;PropaneBarbecueAddTank.lua
ISLootWindowObjectControlHandler_PropaneBarbecueRemoveTank;ISLootWindowObjectControlHandler;PropaneBarbecueRemoveTank.lua
ISLootWindowObjectControlHandler_PropaneBarbecueToggle;ISLootWindowObjectControlHandler;PropaneBarbecueToggle.lua
ISLootWindowObjectControlHandler_PutOut;ISLootWindowObjectControlHandler;PutOut.lua
ISLootWindowObjectControlHandler_RemoveAll;ISLootWindowObjectControlHandler;RemoveAll.lua
ISLootWindowObjectControlHandler_RemoveCampfire;ISLootWindowObjectControlHandler;RemoveCampfire.lua
ISLootWindowObjectControlHandler_StoveSettings;ISLootWindowObjectControlHandler;StoveSettings.lua
ISLootWindowObjectControlHandler_StoveToggle;ISLootWindowObjectControlHandler;StoveToggle.lua
ISLootWindowObjectControlHandler_TakeAll;ISLootWindowObjectControlHandler;TakeAll.lua
ISLootWindowObjectControlHandler_TakeSameType;ISLootWindowObjectControlHandler;TakeSameType.lua
ISLootWindowObjectControlHandler_VehicleCloseTrunk;ISLootWindowObjectControlHandler;VehicleCloseTrunk.lua
ISLootWindowObjectControlHandler_VehicleLockTrunk;ISLootWindowObjectControlHandler;VehicleLockTrunk.lua
ISLootZed;ISPanelJoypad;ISLootZed.lua
ISLureAnimal;ISBaseTimedAction;ISLureAnimal.lua
ISMakeUpUI;ISCollapsableWindowJoypad;ISMakeUpUI.lua
ISMap;ISPanelJoypad;ISMap.lua
ISMapPopup;ISPanel;ISEquippedItem.lua
ISMapSymbolDialog;ISCollapsableWindowJoypad;ISMapSymbolDialog.lua
ISMapSymbolZoomPanel;ISPanelJoypad;ISMapSymbolZoomPanel.lua
ISMapWrapper;ISCollapsableWindow;ISMap.lua
ISMediaInfo;ISCollapsableWindowJoypad;ISMediaInfo.lua
ISMedicalCheckAction;ISBaseTimedAction;ISMedicalCheckAction.lua
ISMegaVolumeControl;ISPanel;ISMegaVolumeControl.lua
ISMicrowaveUI;ISPanelJoypad;ISMicrowaveUI.lua
ISMilkAnimal;ISBaseTimedAction;ISMilkAnimal.lua
ISMiniMapInner;ISUIElement;ISMiniMap.lua
ISMiniMapOptionsPanel;ISCollapsableWindowJoypad;ISMiniMap.lua
ISMiniMapOuter;ISPanelJoypad;ISMiniMap.lua
ISMiniMapTitleBar;ISPanel;ISMiniMap.lua
ISMiniScoreboardUI;ISPanel;ISMiniScoreboardUI.lua
ISModalDialog;ISPanelJoypad;ISModalDialog.lua
ISModalEditRole;ISPanel;ISModalEditRole.lua
ISModalRichText;ISPanelJoypad;ISModalRichText.lua
ISModsHelpPanel;ISPanelJoypad;ISModsHelpPanel.lua
ISModsNagPanel;ISPanelJoypad;ISModsNagPanel.lua
ISMoveableCursor;ISBuildingObject;ISMoveableCursor.lua
ISMoveableInfoWindow;ISPanel;ISMoveableInfoWindow.lua
ISMoveablesAction;ISBaseTimedAction;ISMoveablesAction.lua
ISMoveablesIconPopup;ISPanel;ISEquippedItem.lua
ISMoveablesIconToolTip;ISPanel;ISMoveablesIconToolTip.lua
ISMPButton;ISPanel;ISMPButton.lua
ISMPEditAccount;ISPanelJoypad;ISMPEditAccount.lua
ISMPEditServer;ISPanelJoypad;ISMPEditServer.lua
ISMPEnterPassword;ISPanelJoypad;ISMPEnterPassword.lua
ISMPEnterServerPwd;ISPanelJoypad;ISMPEnterServerPwd.lua
ISMPPanel;ISPanel;ISMPPanel.lua
ISMPScreenShading;ISPanel;ISMPScreenShading.lua
ISMPSelectAccount;ISPanelJoypad;ISMPSelectAccount.lua
ISMPTabPanel;ISPanel;ISMPTabPanel.lua
ISMultiplayerZoneEditor;ISPanelJoypad;ISMultiplayerZoneEditor.lua
ISMultiplayerZoneEditor_ButtonPanel;ISPanelJoypad;ISMultiplayerZoneEditor.lua
ISMultiStageBuild;ISBaseTimedAction;ISMultiStageBuild.lua
ISMusicIntensityEventsPanel;ISDebugSubPanelBase;ISMusicIntensityEventsPanel.lua
ISMusicThreatStatusPanel;ISDebugSubPanelBase;ISMusicThreatStatusPanel.lua
ISNaturalFloor;ISBuildingObject;ISNaturalFloor.lua
ISNewHealthPanel;ISUIElement;ISHealthPanel.lua
ISOnScreenKeyboard;ISPanelJoypad;ISOnScreenKeyboard.lua
ISOpenAnimalInfo;ISBaseTimedAction;ISOpenAnimalInfo.lua
ISOpenButcherHookUI;ISBaseTimedAction;ISOpenButcherHookUI.lua
ISOpenCloseCurtain;ISBaseTimedAction;ISOpenCloseCurtain.lua
ISOpenCloseDoor;ISBaseTimedAction;ISOpenCloseDoor.lua
ISOpenCloseLid;ISBaseTimedAction;ISOpenCloseLid.lua
ISOpenCloseVehicleWindow;ISBaseTimedAction;ISOpenCloseVehicleWindow.lua
ISOpenCloseWindow;ISBaseTimedAction;ISOpenCloseWindow.lua
ISOpenContainerTimedAction;ISBaseTimedAction;ISOpenContainerTimedAction.lua
ISOpenMechanicsUIAction;ISBaseTimedAction;ISOpenMechanicsUIAction.lua
ISOpenVehicleDoor;ISBaseTimedAction;ISOpenVehicleDoor.lua
IsoRegionDetails;ISCollapsableWindow;IsoRegionDetails.lua
IsoRegionLogWindow;ISPanel;IsoRegionLogWindow.lua
IsoRegionsWindow;ISCollapsableWindow;IsoRegionsWindow.lua
ISOvenUI;ISPanelJoypad;ISOvenUI.lua
ISOvenUITimedAction;ISBaseTimedAction;ISOvenUITimedAction.lua
ISPadlockAction;ISBaseTimedAction;ISPadlockAction.lua
ISPadlockByCodeAction;ISBaseTimedAction;ISPadlockByCodeAction.lua
ISPaintAction;ISBaseTimedAction;ISPaintAction.lua
ISPaintCursor;ISBuildingObject;ISPaintCursor.lua
ISPaintSignAction;ISBaseTimedAction;ISPaintSignAction.lua
ISPanel;ISUIElement;ISPanel.lua
ISPanelJoypad;ISUIElement;ISPanelJoypad.lua
ISPaperCursor;ISBuildingObject;ISPaperCursor.lua
ISPathFindAction;ISBaseTimedAction;ISPathFindAction.lua
ISPauseModListUI;ISPanelJoypad;ISPauseModListUI.lua
ISPetAnimal;ISBaseTimedAction;ISPetAnimal.lua
ISPickAxeGroundCoverItem;ISBaseTimedAction;ISPickAxeGroundCoverItem.lua
ISPickCharacterCursor;ISBuildingObject;ISPickCharacterCursor.lua
ISPickDungCursor;ISBuildingObject;ISPickDungCursor.lua
ISPickupAnimal;ISBaseTimedAction;ISPickupAnimal.lua
ISPickupBrokenGlass;ISBaseTimedAction;ISPickupBrokenGlass.lua
ISPickupDung;ISBaseTimedAction;ISPickupDung.lua
ISPickupFishAction;ISBaseTimedAction;ISPickupFishAction.lua
ISPickUpGroundCoverItem;ISBaseTimedAction;ISPickUpGroundCoverItem.lua
ISPlace3DItemCursor;ISBuildingObject;ISPlace3DItemCursor.lua
ISPlaceCarBatteryChargerAction;ISBaseTimedAction;ISPlaceCarBatteryChargerAction.lua
ISPlaceTrap;ISBaseTimedAction;ISPlaceTrap.lua
ISPlantainCataplasm;ISBaseTimedAction;ISPlantainCataplasm.lua
ISPlantInfoAction;ISBaseTimedAction;ISPlantInfoAction.lua
ISPlasterAction;ISBaseTimedAction;ISPlasterAction.lua
ISPlayerDataObject;ISBaseObject;ISPlayerDataObject.lua
ISPlayerStatsAddXPUI;ISPanel;ISPlayerStatsAddXPUI.lua
ISPlayerStatsChooseAccessLevelUI;ISPanel;ISPlayerStatsChooseAccessLevel.lua
ISPlayerStatsChooseProfessionUI;ISPanel;ISPlayerStatsChooseProfessionUI.lua
ISPlayerStatsChooseTraitUI;ISPanel;ISPlayerStatsChooseTraitUI.lua
ISPlayerStatsManageInvUI;ISPanel;ISPlayerStatsManageInvUI.lua
ISPlayerStatsSuspicionActivityUI;ISPanel;ISPlayerStatsSuspicionActivityUI.lua
ISPlayerStatsUI;ISPanel;ISPlayerStatsUI.lua
ISPlayerStatsUserlogUI;ISPanel;ISPlayerStatsUserlogUI.lua
ISPlayerStatsWarningPointUI;ISPanel;ISPlayerStatsWarningPointUI.lua
ISPlowAction;ISBaseTimedAction;ISPlowAction.lua
ISPlugGenerator;ISBaseTimedAction;ISPlugGenerator.lua
ISPlumbItem;ISBaseTimedAction;ISPlumbItem.lua
ISPostDeathUI;ISPanelJoypad;ISPostDeathUI.lua
ISPrintMediaMap;ISUIElement;ISPrintMediaTextPanel.lua
ISPrintMediaTextPanel;ISPanel;ISPrintMediaTextPanel.lua
ISProgressBar;ISUIElement;ISProgressBar.lua
ISPutAnimalInHutch;ISBaseTimedAction;ISPutAnimalInHutch.lua
ISPutAnimalOnHook;ISBaseTimedAction;ISPutAnimalOnHook.lua
ISPutOutCampfireAction;ISBaseTimedAction;ISPutOutCampfireAction.lua
ISPutOutFire;ISBaseTimedAction;ISPutOutFire.lua
ISPVPLogToolUI;ISPanel;ISPVPLogToolUI.lua
ISPvpZonePanel;ISPanel;ISPvpZonePanel.lua
ISQueueActionsAction;ISBaseTimedAction;ISQueueActionsAction.lua
ISRackFirearm;ISBaseTimedAction;ISRackFirearm.lua
ISRadialMenu;ISPanelJoypad;ISRadialMenu.lua
ISRadialProgressBar;ISUIElement;ISRadialProgressBar.lua
ISRadioAction;ISBaseTimedAction;ISRadioAction.lua
ISRadioButtons;ISPanel;ISRadioButtons.lua
ISRadioOption;ISPanel;ISRadioOption.lua
ISRadioWindow;ISCollapsableWindow;ISRadioWindow.lua
ISReadABook;ISBaseTimedAction;ISReadABook.lua
ISReadWorldMap;ISBaseTimedAction;ISReadWorldMap.lua
ISRecipeMonitor;ISCollapsableWindow;ISRecipeMonitor.lua
ISRecipeScrollingListBox;ISScrollingListBox;ISRecipeScrollingListBox.lua
ISRect;ISUIElement;ISRect.lua
ISRefuelFromGasPump;ISBaseTimedAction;ISRefuelFromGasPump.lua
ISReloadWeaponAction;ISBaseTimedAction;ISReloadWeaponAction.lua
ISRemoveAnimalFromHook;ISBaseTimedAction;ISRemoveAnimalFromHook.lua
ISRemoveAnimalFromTrailer;ISBaseTimedAction;ISRemoveAnimalFromTrailer.lua
ISRemoveBaitAction;ISBaseTimedAction;ISRemoveBaitAction.lua
ISRemoveBrokenGlass;ISBaseTimedAction;ISRemoveBrokenGlass.lua
ISRemoveBullet;ISBaseTimedAction;ISRemoveBullet.lua
ISRemoveBurntVehicle;ISBaseTimedAction;ISRemoveBurntVehicle.lua
ISRemoveBush;ISBaseTimedAction;ISRemoveBush.lua
ISRemoveCampfireAction;ISBaseTimedAction;ISRemoveCampfireAction.lua
ISRemoveCarBatteryFromChargerAction;ISBaseTimedAction;ISRemoveCarBatteryFromChargerAction.lua
ISRemoveFishingNetAction;ISBaseTimedAction;ISRemoveFishingNetAction.lua
ISRemoveGlass;ISBaseTimedAction;ISRemoveGlass.lua
ISRemoveGrass;ISBaseTimedAction;ISRemoveGrass.lua
ISRemoveHeadFromAnimal;ISBaseTimedAction;ISRemoveHeadFromAnimal.lua
ISRemoveItemTool;ISPanelJoypad;ISRemoveItemTool.lua
ISRemoveLeatherFromAnimal;ISBaseTimedAction;ISRemoveLeatherFromAnimal.lua
ISRemoveLightSourceFuelAction;ISBaseTimedAction;ISRemoveLightSourceFuelAction.lua
ISRemoveMeatFromAnimal;ISBaseTimedAction;ISRemoveMeatFromAnimal.lua
ISRemovePatch;ISBaseTimedAction;ISRemovePatch.lua
ISRemovePlantCursor;ISBuildingObject;ISRemovePlantCursor.lua
ISRemoveSheetAction;ISBaseTimedAction;ISRemoveSheetAction.lua
ISRemoveSheetRope;ISBaseTimedAction;ISRemoveSheetRope.lua
ISRemoveTrapAction;ISBaseTimedAction;ISRemoveTrapAction.lua
ISRemoveWeaponUpgrade;ISBaseTimedAction;ISRemoveWeaponUpgrade.lua
ISRepairClothing;ISBaseTimedAction;ISRepairClothing.lua
ISRepairEngine;ISBaseTimedAction;ISRepairEngine.lua
ISRepairLightbar;ISBaseTimedAction;ISRepairLightbar.lua
ISResearchRecipe;ISBaseTimedAction;ISResearchRecipe.lua
ISResizableButton;ISButton;ISResizeableButton.lua
ISResizeWidget;ISPanel;ISResizeWidget.lua
ISRestAction;ISBaseTimedAction;ISRestAction.lua
ISRichTextBox;ISPanelJoypad;ISRichTextBox.lua
ISRichTextLayout;ISBaseObject;RichTextLayout.lua
ISRichTextPanel;ISPanel;ISRichTextPanel.lua
ISRolesList;ISPanel;ISRolesList.lua
ISRunningDebugUI;ISCollapsableWindow;ISRunningDebugUI.lua
ISSafehouseAddPlayerUI;ISPanel;ISSafehouseAddPlayerUI.lua
ISSafehousesList;ISPanel;ISSafehousesList.lua
ISSafehouseUI;ISPanel;ISSafehouseUI.lua
ISScoreboard;ISPanelJoypad;ISScoreboard.lua
ISScriptsDebugWindow;ISCollapsableWindow;ISScriptsDebugWindow.lua
ISScriptViewPanel;ISPanel;ISScriptViewPanel.lua
ISScriptViewWindow;ISCollapsableWindow;ISScriptViewWindow.lua
ISScrollBar;ISUIElement;ISScrollBar.lua
ISScrollingListBox;ISPanelJoypad;ISScrollingListBox.lua
ISScytheGrassCursor;ISBuildingObject;ISScytheGrassCursor.lua
ISScything;ISBaseTimedAction;ISScything.lua
ISSearchManager;ISPanel;ISSearchManager.lua
ISSearchMode;ISDebugSubPanelBase;ISSearchMode.lua
ISSearchWindow;ISCollapsableWindow;ISSearchWindow.lua
ISSectionedPanel;ISPanel;ISSectionedPanel.lua
ISSectionedPanel_Section;ISPanel;ISSectionedPanel.lua
ISSeedActionNew;ISBaseTimedAction;ISSeedActionNew.lua
ISSelectCursor;ISBuildingObject;ISSelectCursor.lua
ISServerDisconnectUI;ISPanelJoypad;ISServerDisconnectUI.lua
ISServerOptions;ISPanel;ISServerOptions.lua
ISServerOptionsChange;ISPanel;ISServerOptionsChange.lua
ISServerSandboxOptionsUI;ISPanelJoypad;ISServerSandboxOptionsUI.lua
ISServerSavingMessage;ISPanelJoypad;ISServerSavingMessage.lua
ISSetComboWasherDryerMode;ISBaseTimedAction;ISSetComboWasherDryerMode.lua
ISSetKeybindDialog;ISPanel;ISSetKeybindDialog.lua
ISShearAnimal;ISBaseTimedAction;ISShearAnimal.lua
ISShovelAction;ISBaseTimedAction;ISShovelAction.lua
ISShovelGround;ISBaseTimedAction;ISShovelGround.lua
ISShovelGroundCursor;ISBuildingObject;ISShovelGroundCursor.lua
ISShutOffVehicleEngine;ISBaseTimedAction;ISShutOffVehicleEngine.lua
ISSimpleFurniture;ISBuildingObject;ISSimpleFurniture.lua
ISSineWaveDisplay;ISPanel;ISSineWaveDisplay.lua
ISSitOnGround;ISBaseTimedAction;ISSitOnGround.lua
ISSkillProgressBar;ISPanel;ISSkillProgressBar.lua
ISSleepDialog;ISPanelJoypad;ISSleepDialog.lua
ISSleepingUI;ISPanel;ISSleepingUI.lua
ISSLEvent;ISPanel;ISSLEvent.lua
ISSLFrame;ISPanel;ISSLFrame.lua
ISSliderPanel;ISPanel;ISSliderPanel.lua
ISSLManager;ISPanel;ISSLManager.lua
ISSLSounds;ISPanel;ISSLSounds.lua
ISSmashVehicleWindow;ISBaseTimedAction;ISSmashVehicleWindow.lua
ISSmashWindow;ISBaseTimedAction;ISSmashWindow.lua
ISSpawnHordeUI;ISCollapsableWindow;ISSpawnHordeUI.lua
ISSpawnPointsEditor;ISCollapsableWindow;ISSpawnPointsEditor.lua
ISSpawnVehicleUI;ISPanelJoypad;ISSpawnVehicleUI.lua
ISSpeakerButton;ISPanel;ISSpeakerButton.lua
ISSpinBox;ISPanel;ISSpinBox.lua
ISSplint;ISBaseTimedAction;ISSplint.lua
ISStartCraftProcessorAction;ISBaseTimedAction;ISStartCraftProcessorAction.lua
ISStartVehicleEngine;ISBaseTimedAction;ISStartVehicleEngine.lua
ISStashIcon;ISBaseIcon;ISStashIcon.lua
ISStatisticsPanel;ISPanel;ISStatisticsUI.lua
ISStatisticsUI;ISCollapsableWindow;ISStatisticsUI.lua
ISStatsAndBody;ISDebugSubPanelBase;ISStatsAndBody.lua
ISStitch;ISBaseTimedAction;ISStitch.lua
ISStopAlarmClockAction;ISBaseTimedAction;ISStopAlarmClockAction.lua
ISStopVehicle;ISBaseTimedAction;ISStopVehicle.lua
ISStorySoundsDebug;ISCollapsableWindow;StorySoundDebug.lua
ISStringListView;ISPanel;ISStringListView.lua
ISSurvivalGuideListBox;ISScrollingListBox;ISTutorialPanel.lua
ISSurvivalGuideRichText;ISRichTextPanel;ISTutorialPanel.lua
ISSurvivalGuideRightPanel;ISPanelJoypad;ISTutorialPanel.lua
ISSwitchVehicleSeat;ISBaseTimedAction;ISSwitchVehicleSeat.lua
ISTableLayout;ISPanel;ISTableLayout.lua
ISTableLayoutCell;ISBaseObject;ISTableLayout.lua
ISTableLayoutColumn;ISBaseObject;ISTableLayout.lua
ISTableLayoutRow;ISBaseObject;ISTableLayout.lua
ISTabPanel;ISPanel;ISTabPanel.lua
ISTakeBricks;ISBaseTimedAction;ISTakeBricks.lua
ISTakeCarBatteryChargerAction;ISBaseTimedAction;ISTakeCarBatteryChargerAction.lua
ISTakeEngineParts;ISBaseTimedAction;ISTakeEngineParts.lua
ISTakeFuel;ISBaseTimedAction;ISTakeFuel.lua
ISTakeGasolineFromVehicle;ISBaseTimedAction;ISTakeGasolineFromVehicle.lua
ISTakeGenerator;ISBaseTimedAction;ISTakeGenerator.lua
ISTakePillAction;ISBaseTimedAction;ISTakePillAction.lua
ISTakeTrap;ISBaseTimedAction;ISTakeTrap.lua
ISTakeWaterAction;ISBaseTimedAction;ISTakeWaterAction.lua
ISTeleportDebugUI;ISPanelJoypad;ISTeleportDebugUI.lua
ISTermsOfServiceUI;ISPanelJoypad;ISTermsOfServiceUI.lua
ISTestComponentPanel;ISBaseComponentPanel;ISTestComponentPanel.lua
ISTextBox;ISPanelJoypad;ISTextBox.lua
ISTextBoxMap;ISCollapsableWindowJoypad;ISTextBoxMap.lua
ISTextEntryBox;ISPanelJoypad;ISTextEntryBox.lua
ISTickBox;ISPanel;ISTickBox.lua
ISTicketsUI;ISPanel;ISTicketsUI.lua
ISTiledIconListBox;ISPanel;ISTiledIconListBox.lua
ISTiledIconPanel;ISPanel;ISTiledIconPanel.lua
ISTilesPickerDebugUI;ISCollapsableWindow;ISTilesPickerDebugUI.lua
ISTilesPickerTilesList;ISPanel;ISTilesPickerDebugUI.lua
ISTimedActionQueue;ISBaseObject;ISTimedActionQueue.lua
ISToggleClothingDryer;ISBaseTimedAction;ISToggleClothingDryer.lua
ISToggleClothingWasher;ISBaseTimedAction;ISToggleClothingWasher.lua
ISToggleComboWasherDryer;ISBaseTimedAction;ISToggleComboWasherDryer.lua
ISToggleHutchDoor;ISBaseTimedAction;ISToggleHutchDoor.lua
ISToggleHutchEggHatchDoor;ISBaseTimedAction;ISToggleHutchEggHatchDoor.lua
ISToggleLightAction;ISBaseTimedAction;ISToggleLightAction.lua
ISToggleLightSourceAction;ISBaseTimedAction;ISToggleLightSourceAction.lua
ISToggleStoveAction;ISBaseTimedAction;ISToggleStoveAction.lua
ISToolTip;ISPanel;ISToolTip.lua
ISToolTipInv;ISPanel;ISToolTipInv.lua
ISToolTipItemSlot;ISPanel;ISToolTipItemSlot.lua
ISTradingUI;ISPanel;ISTradingUI.lua
ISTradingUIHistorical;ISPanel;ISTradingUIHistorial.lua
ISTransferAction;ISBaseObject;ISTransferAction.lua
ISTransferWaterAction;ISBaseTimedAction;ISTransferWaterAction.lua
ISTriggerThunderUI;ISCollapsableWindow;ISTriggerThunderUI.lua
ISTrimBeard;ISBaseTimedAction;ISTrimBeard.lua
ISTutorialPageInfo;ISBaseObject;ISTutorialPageInfo.lua
ISTutorialPanel;ISCollapsableWindowJoypad;ISTutorialPanel.lua
ISTutorialSetInfo;ISBaseObject;ISTutorialPageInfo.lua
ISUI3DModel;ISUIElement;ISUI3DModel.lua
ISUI3DScene;ISUIElement;ISUI3DScene.lua
ISUIElement;ISBaseObject;ISUIElement.lua
ISUIElementJoypad;ISPanel;ISUIElementJoypad.lua
ISUIEmoteConfig;ISCollapsableWindow;ISUIEmoteConfig.lua
ISUIVehicleModel;ISUIElement;ISUIVehicleModel.lua
ISUIWriteJournal;ISCollapsableWindowJoypad;ISUIWriteJournal.lua
ISUnbarricadeAction;ISBaseTimedAction;ISUnbarricadeAction.lua
ISUnequipAction;ISBaseTimedAction;ISUnequipAction.lua
ISUninstallVehiclePart;ISBaseTimedAction;ISUninstallVehiclePart.lua
ISUnloadBulletsFromFirearm;ISBaseTimedAction;ISUnloadBulletsFromFirearm.lua
ISUnloadBulletsFromMagazine;ISBaseTimedAction;ISUnloadBulletsFromMagazine.lua
ISUnlockVehicleDoor;ISBaseTimedAction;ISUnlockVehicleDoor.lua
ISUpgradeWeapon;ISBaseTimedAction;ISUpgradeWeapon.lua
ISUserPanelUI;ISPanel;ISUserPanelUI.lua
ISUsersList;ISPanel;ISUsersList.lua
ISVehicleACUI;ISPanelJoypad;ISVehicleACUI.lua
ISVehicleAngles;ISCollapsableWindow;ISVehicleAngles.lua
ISVehicleAnimal3DModel;ISUI3DModel;ISVehicleAnimalUI.lua
ISVehicleAnimalUI;ISCollapsableWindowJoypad;ISVehicleAnimalUI.lua
ISVehicleBloodUI;ISCollapsableWindow;ISVehicleBloodUI.lua
ISVehicleDashboard;ISPanel;ISVehicleDashboard.lua
ISVehicleGauge;ISUIElement;ISVehicleGauge.lua
ISVehicleHSV;ISCollapsableWindow;ISVehicleColor.lua
ISVehicleMechanics;ISCollapsableWindow;ISVehicleMechanics.lua
ISVehicleRoadtripDebug;ISCollapsableWindow;ISVehicleRoadtripDebug.lua
ISVehicleSeatUI;ISPanelJoypad;ISVehicleSeatUI.lua
ISVolumeBar;ISPanel;ISVolumeBar.lua
ISVolumeControl;ISPanel;ISVolumeControl.lua
ISVolumeIndicator;ISPanel;ISVolumeIndicator.lua
ISWaitWhileGettingUp;ISBaseTimedAction;ISWaitWhileGettingUp.lua
ISWakeOtherPlayer;ISBaseTimedAction;ISWakeOtherPlayer.lua
ISWalkToCursor;ISBuildingObject;ISWalkToCursor.lua
ISWalkToTimedAction;ISBaseTimedAction;WalkToTimedAction.lua
ISWalkToTimedActionF;ISBaseTimedAction;WalkToTimedActionF.lua
ISWallpaperAction;ISBaseTimedAction;ISWallpaperAction.lua
ISWarManagerUI;ISPanel;ISWarManagerUI.lua
ISWashClothing;ISBaseTimedAction;ISWashClothing.lua
ISWashVehicle;ISBaseTimedAction;ISWashVehicle.lua
ISWashYourself;ISBaseTimedAction;ISWashYourself.lua
ISWaterPlantAction;ISBaseTimedAction;ISWaterPlantAction.lua
ISWearClothing;ISBaseTimedAction;ISWearClothing.lua
ISWeather;ISPanel;ISWeather.lua
ISWidgetAutoToggle;ISPanel;ISWidgetAutoToggle.lua
ISWidgetBuildControl;ISPanelJoypad;ISWidgetBuildControl.lua
ISWidgetComponentHeader;ISPanel;ISWidgetComponentHeader.lua
ISWidgetCraftControl;ISPanel;ISWidgetCraftControl.lua
ISWidgetCraftDebug;ISPanel;ISWidgetCraftDebug.lua
ISWidgetCraftLogicControl;ISPanelJoypad;ISWidgetCraftLogicControl.lua
ISWidgetCraftLogicInputControl;ISPanel;ISWidgetCraftLogicInputControl.lua
ISWidgetCraftLogicOutputProgress;ISPanel;ISWidgetCraftLogicOutputProgress.lua
ISWidgetCraftLogicTitle;ISPanel;ISWidgetCraftLogicTitle.lua
ISWidgetCraftProgress;ISPanel;ISWidgetCraftProgress.lua
ISWidgetEntityDebug;ISPanel;ISWidgetEntityDebug.lua
ISWidgetEntityHeader;ISPanel;ISWidgetEntityHeader.lua
ISWidgetHandCraftControl;ISPanelJoypad;ISWidgetHandCraftControl.lua
ISWidgetIngredients;ISPanel;ISWidgetIngredients.lua
ISWidgetIngredientsInputs;ISPanelJoypad;ISWidgetIngredientsInputs.lua
ISWidgetIngredientsOutputs;ISPanel;ISWidgetIngredientsOutputs.lua
ISWidgetInput;ISPanel;ISWidgetInput.lua
ISWidgetOutput;ISPanel;ISWidgetOutput.lua
ISWidgetRecipeCategories;ISPanel;ISWidgetRecipeCategories.lua
ISWidgetRecipeFilterPanel;ISPanelJoypad;ISWidgetRecipeFilterPanel.lua
ISWidgetRecipeListPanel;ISPanel;ISWidgetRecipeListPanel.lua
ISWidgetRecipeSelect;ISPanel;ISWidgetRecipeSelect.lua
ISWidgetRecipesPanel;ISPanel;ISWidgetRecipesPanel.lua
ISWidgetRecipeTools;ISPanel;ISWidgetRecipeTools.lua
ISWidgetTitleHeader;ISPanel;ISWidgetTitleHeader.lua
ISWidgetTooltipInput;ISPanel;ISWidgetTooltipInput.lua
ISWidgetTooltipOutput;ISPanel;ISWidgetTooltipOutput.lua
ISWindow;ISUIElement;ISWindow.lua
ISWoodenContainer;ISBuildingObject;ISWoodenContainer.lua
ISWoodenDoor;ISBuildingObject;ISWoodenDoor.lua
ISWoodenDoorFrame;ISBuildingObject;ISWoodenDoorFrame.lua
ISWoodenFloor;ISBuildingObject;ISWoodenFloor.lua
ISWoodenStairs;ISBuildingObject;ISWoodenStairs.lua
ISWoodenWall;ISBuildingObject;ISWoodenWall.lua
ISWorldItemIcon;ISBaseIcon;ISWorldItemIcon.lua
ISWorldItemIconTrack;ISBaseIcon;ISWorldItemIconTrack.lua
ISWorldMap;ISPanelJoypad;ISWorldMap.lua
ISWorldMapButtonPanel;ISPanelJoypad;ISWorldMap.lua
ISWorldMapKey;ISPanel;ISWorldMapKey.lua
ISWorldMapSharing;ISPanelJoypad;ISWorldMapSharing.lua
ISWorldMapSharing_PanelPlayers;ISPanelJoypad;ISWorldMapSharing.lua
ISWorldMapSymbols;ISPanelJoypad;ISWorldMapSymbols.lua
ISWorldMapSymbolsTabPanel;ISTabPanel;ISWorldMapSymbols.lua
ISWorldMapSymbolTool;ISBaseObject;ISWorldMapSymbols.lua
ISWorldMapSymbolTool_AddNote;ISWorldMapSymbolTool;ISWorldMapSymbols.lua
ISWorldMapSymbolTool_AddSymbol;ISWorldMapSymbolTool;ISWorldMapSymbols.lua
ISWorldMapSymbolTool_EditAnnotation;ISWorldMapSymbolTool;ISWorldMapSymbols.lua
ISWorldMapSymbolTool_MoveAnnotation;ISWorldMapSymbolTool;ISWorldMapSymbols.lua
ISWorldMapSymbolTool_RemoveAnnotation;ISWorldMapSymbolTool;ISWorldMapSymbols.lua
ISWorldMapSymbolTool_RotateAnnotation;ISWorldMapSymbolTool;ISWorldMapSymbols.lua
ISWorldMapSymbolTool_Sharing;ISWorldMapSymbolTool;ISWorldMapSymbols.lua
ISWringClothing;ISBaseTimedAction;ISWringClothing.lua
ISWriteSomething;ISBaseTimedAction;ISWriteSomething.lua
ISXuiTableLayout;ISUIElement;ISXuiTableLayout.lua
ISXuiTableLayoutCell;ISBaseObject;ISXuiTableLayout.lua
ISXuiTableLayoutColumn;ISBaseObject;ISXuiTableLayout.lua
ISXuiTableLayoutRow;ISBaseObject;ISXuiTableLayout.lua
ISZoneDisplay;ISPanel;ISZoneDisplay.lua
JoypadControllerData;ISBaseObject;JoyPadSetup.lua
JoypadData;ISBaseObject;JoyPadSetup.lua
LastStandPlayerSelect;ISPanelJoypad;LastStandPlayerSelect.lua
LoadGameScreen;ISPanelJoypad;LoadGameScreen.lua
LuaDebugger;ISCollapsableWindow;LuaDebugger.lua
LuaFileBrowser;ISCollapsableWindow;LuaFileBrowser.lua
LuaFileBrowserList;ISScrollingListBox;LuaFileBrowser.lua
LuaList;ISBaseObject;LuaList.lua
LuaThreadWindow;ISPanel;LuaThreadWindow.lua
MainOptions;ISPanelJoypad;MainOptions.lua
MainScreen;ISPanelJoypad;MainScreen.lua
MapSpawnSelect;ISPanelJoypad;MapSpawnSelect.lua
MapSpawnSelectImage;ISUIElement;MapSpawnSelect.lua
MapSpawnSelectInfoPanel;ISRichTextPanel;MapSpawnSelect.lua
MapSpawnSelectListBox;ISScrollingListBox;MapSpawnSelect.lua
MapSpawnSelectSeedPanel;ISPanelJoypad;MapSpawnSelect.lua
ModInfoPanel;ISPanelJoypad;ModInfoPanel.lua
ModListPresets;ISPanelJoypad;ModListPresets.lua
ModMoreInfo;ISPanel;ModMoreInfo.lua
ModSelector;ISPanelJoypad;ModSelector.lua
MultiplayerUI;ISPanel;MultiplayerUI.lua
MultiplayerZoneEditorMode;ISPanel;MultiplayerZoneEditorMode.lua
MultiplayerZoneEditorMode_NonPVP;MultiplayerZoneEditorMode;MultiplayerZoneEditorMode_NonPVP.lua
MultiplayerZoneEditorMode_Safehouse;MultiplayerZoneEditorMode;MultiplayerZoneEditorMode_Safehouse.lua
MultiplayerZoneEditorMode_Safehouse_Confirm;ISPanelJoypad;MultiplayerZoneEditorMode_Safehouse.lua
MultiplayerZoneEditorMode_Safehouse_Details;ISPanel;MultiplayerZoneEditorMode_Safehouse.lua
NewFogDebug;ISDebugSubPanelBase;NewFogDebug.lua
NewGameScreen;ISPanelJoypad;NewGameScreen.lua
ObjectViewer;ISCollapsableWindow;ObjectViewer.lua
OnScreenKeyboardEntry;ISPanelJoypad;ISOnScreenKeyboard.lua
OnScreenKeyboardPanel;ISPanelJoypad;ISOnScreenKeyboard.lua
PlayerClimateDebug;ISCollapsableWindow;PlayerClimateDebug.lua
PopupColorEdit;ISPanel;PopupColorEdit.lua
PuddlesControl;ISDebugSubPanelBase;PuddlesControl.lua
RadioScriptDebugger;ISPanel;RadioScriptDebugger.lua
RainCollectorBarrel;ISBuildingObject;RainCollectorBarrel.lua
RWM;ISPanel;RWM.lua
RWMChannel;RWMPanel;RWMChannel.lua
RWMChannelTV;RWMPanel;RWMChannelTV.lua
RWMElement;ISPanelJoypad;RWMElement.lua
RWMGeneral;RWMPanel;RWMGeneral.lua
RWMGridPower;RWMPanel;RWMGridPower.lua
RWMMedia;RWMPanel;RWMMedia.lua
RWMMicrophone;RWMPanel;RWMMicrophone.lua
RWMPanel;ISPanelJoypad;RWMPanel.lua
RWMPower;RWMPanel;RWMPower.lua
RWMSignal;RWMPanel;RWMSignal.lua
RWMSubEditPreset;ISPanel;RWMSubEditPreset.lua
RWMTestPane;RWMPanel;RWMTestPane.lua
RWMVolume;RWMPanel;RWMVolume.lua
SadisticMusicDirector;ISBaseObject;SadisticMusicDirector.lua
SandboxOptionsScreen;ISPanelJoypad;SandboxOptions.lua
SCampfireGlobalObject;SGlobalObject;SCampfireGlobalObject.lua
SCampfireSystem;SGlobalObjectSystem;SCampfireSystem.lua
SeamEditorUI;ISPanel;SeamEditorUI.lua
SeamEditorUI_OptionsPanel;ISPanel;SeamEditorUI.lua
SeamEditorUI_Scene;ISPanel;SeamEditorUI.lua
SeamEditorUI_SeamTileList;ISPanel;SeamEditorUI_SeamTileList.lua
SeamEditorUI_TileList;ISPanel;SeamEditorUI_TileList.lua
SeamEditorUI_TileList2;ISPanel;SeamEditorUI_TileList2.lua
SeamEditorUI_TilePicker;ISPanel;SeamEditorUI.lua
SeamEditorUI_TilePicker2;ISPanel;SeamEditorUI.lua
ServerConnectPopup;ISPanelJoypad;ServerConnectPopup.lua
ServerSettingsScreen;ISPanelJoypad;ServerSettingsScreen.lua
ServerToolbox;ISPanelJoypad;ServerToolbox.lua
ServerWorkshopItemScreen;ISPanelJoypad;ServerWorkshopItemScreen.lua
SFarmingSystem;SGlobalObjectSystem;SFarmingSystem.lua
SFeedingTroughGlobalObject;SGlobalObject;SFeedingTroughGlobalObject.lua
SFeedingTroughSystem;SGlobalObjectSystem;SFeedingTroughSystem.lua
SGlobalObject;ISBaseObject;SGlobalObject.lua
SGlobalObjectSystem;ISBaseObject;SGlobalObjectSystem.lua
ShotgunStep;TutorialStep;Steps.lua
SneakStep;TutorialStep;Steps.lua
SourceWindow;ISCollapsableWindow;SourceWindow.lua
SpawnRegionsNameFilePanel;ISPanelJoypad;ServerSettingsScreen.lua
SPlantGlobalObject;SGlobalObject;SPlantGlobalObject.lua
SpriteModelEditor;ISPanel;SpriteModelEditor.lua
SpriteModelEditor_ListBox;ISScrollingListBox;SpriteModelEditor.lua
SpriteModelEditor_OptionsPanel;ISPanel;SpriteModelEditor.lua
SpriteModelEditor_Scene;ISUI3DScene;SpriteModelEditor.lua
SpriteModelEditor_TileList;ISPanel;SpriteModelEditor.lua
SpriteModelEditor_TilePicker;ISPanel;SpriteModelEditor.lua
SRainBarrelGlobalObject;SGlobalObject;SRainBarrelGlobalObject.lua
SRainBarrelSystem;SGlobalObjectSystem;SRainBarrelSystem.lua
StashDebug;ISPanel;StashDebug.lua
STrapGlobalObject;SGlobalObject;STrapGlobalObject.lua
STrapSystem;SGlobalObjectSystem;STrapSystem.lua
StreamMapWindow;ISCollapsableWindow;StreamMapWindow.lua
SurvivalGuideManager;ISBaseObject;SurvivalGuideManager.lua
TextureWindow;ISCollapsableWindow;TextureViewer.lua
ThermoDebug;ISCollapsableWindow;ThermoDebug.lua
ThunderDebug;ISCollapsableWindow;ThunderDebug.lua
TileGeometryEditor;ISPanel;TileGeometryEditor.lua
TileGeometryEditor_AddTileTool;Tool;TileGeometryEditor_Tools.lua
TileGeometryEditor_BoxPanel;ISPanel;TileGeometryEditor_EditMode.lua
TileGeometryEditor_CurtainPropertiesPanel;ISPanel;TileGeometryEditor_EditMode.lua
TileGeometryEditor_CylinderPanel;ISPanel;TileGeometryEditor_EditMode.lua
TileGeometryEditor_DepthRectTool;Tool;TileGeometryEditor_Tools.lua
TileGeometryEditor_DepthTexturePanel;ISPanel;TileGeometryEditor_EditMode.lua
TileGeometryEditor_EditMode;ISBaseObject;TileGeometryEditor_EditMode.lua
TileGeometryEditor_EditMode_Curtain;TileGeometryEditor_EditMode;TileGeometryEditor_EditMode.lua
TileGeometryEditor_EditMode_Geometry;TileGeometryEditor_EditMode;TileGeometryEditor_EditMode.lua
TileGeometryEditor_EditMode_SceneTiles;TileGeometryEditor_EditMode;TileGeometryEditor_EditMode.lua
TileGeometryEditor_EditMode_Seating;TileGeometryEditor_EditMode;TileGeometryEditor_EditMode.lua
TileGeometryEditor_EditPolygonTool;Tool;TileGeometryEditor_Tools.lua
TileGeometryEditor_GeometryListBox;ListBox;TileGeometryEditor_EditMode.lua
TileGeometryEditor_GizmoTool;Tool;TileGeometryEditor_Tools.lua
TileGeometryEditor_GizmoTool_ResizeBox;GizmoTool;TileGeometryEditor_Tools.lua
TileGeometryEditor_GizmoTool_ResizeCylinder;GizmoTool;TileGeometryEditor_Tools.lua
TileGeometryEditor_GizmoTool_Rotate;GizmoTool;TileGeometryEditor_Tools.lua
TileGeometryEditor_GizmoTool_Scale;GizmoTool;TileGeometryEditor_Tools.lua
TileGeometryEditor_GizmoTool_SetSurface;GizmoTool;TileGeometryEditor_Tools.lua
TileGeometryEditor_GizmoTool_Translate;GizmoTool;TileGeometryEditor_Tools.lua
TileGeometryEditor_ListBox;ISScrollingListBox;TileGeometryEditor_EditMode.lua
TileGeometryEditor_MoveTileTool;Tool;TileGeometryEditor_Tools.lua
TileGeometryEditor_OptionsPanel;ISPanel;TileGeometryEditor.lua
TileGeometryEditor_PropertiesPanel;ISPanel;TileGeometryEditor_EditMode.lua
TileGeometryEditor_Scene;ISUI3DScene;TileGeometryEditor.lua
TileGeometryEditor_SceneTiles;ISBaseObject;TileGeometryEditor_SceneTiles.lua
TileGeometryEditor_SeatingListBox;ListBox;TileGeometryEditor_EditMode.lua
TileGeometryEditor_SeatingPropertiesPanel;ISPanel;TileGeometryEditor_EditMode.lua
TileGeometryEditor_SwitchView;ISUI3DScene;TileGeometryEditor.lua
TileGeometryEditor_TileList;ISPanel;TileGeometryEditor_TileList.lua
TileGeometryEditor_TileList2;ISPanel;TileGeometryEditor_TileList2.lua
TileGeometryEditor_TileList3;ISPanel;TileGeometryEditor_TileList3.lua
TileGeometryEditor_TilePicker;ISPanel;TileGeometryEditor.lua
TileGeometryEditor_TilePicker2;ISPanel;TileGeometryEditor.lua
TileGeometryEditor_TilePicker3;ISPanel;TileGeometryEditor_EditMode.lua
TileGeometryEditor_Tool;ISBaseObject;TileGeometryEditor_Tools.lua
TrapBO;ISBuildingObject;TrapBO.lua
TutorialFocus;ISPanel;TutorialFocus.lua
TutorialMessage;ISPanelJoypad;TutorialMessage.lua
TutorialStep;ISBaseObject;TutorialStep.lua
UnitTestsDebug;ISDebugPanelBase;UnitTestsDebug.lua
UnitTestsTimedActionsPanel;ISDebugSubPanelBase;UnitTestsTimedActionsPanel.lua
ValuePlotter;ISPanel;ValuePlotter.lua
WalkToAdjacent;TutorialStep;Steps.lua
WatchWindow;ISCollapsableWindow;WatchWindow.lua
WaterMarkUI;ISPanel;ISVersionWaterMark.lua
WeatherFXDebug;ISCollapsableWindow;WeatherFXDebug.lua
WeatherPeriodDebug;ISCollapsableWindow;WeatherPeriodDebug.lua
WelcomeMessageUI;ISCollapsableWindow;WelcomeMessageB42.lua
WelcomeStep;TutorialStep;Steps.lua
WindDebug;ISCollapsableWindow;WindDebug.lua
WorkshopSubmitScreen;ISPanelJoypad;WorkshopSubmitScreen.lua
WorldFlaresDebug;ISPanel;WorldFlaresDebug.lua
WorldMapEditor;ISUIElement;WorldMapEditor.lua
WorldMapEditorListBox;ISPanel;WorldMapEditorListBox.lua
WorldMapEditorLocationControl;ISBaseObject;WorldMapEditorLocationControl.lua
WorldMapEditorMode;ISPanel;WorldMapEditorMode.lua
WorldMapEditorMode_Annotations;WorldMapEditorMode;WorldMapEditorMode_Annotations.lua
WorldMapEditorMode_Bounds;WorldMapEditorMode;WorldMapEditorMode_Bounds.lua
WorldMapEditorMode_DataFiles;WorldMapEditorMode;WorldMapEditorMode_DataFiles.lua
WorldMapEditorMode_Maps;WorldMapEditorMode;WorldMapEditorMode_Maps.lua
WorldMapEditorMode_Stashes;WorldMapEditorMode;WorldMapEditorMode_Stashes.lua
WorldMapEditorMode_Streets;WorldMapEditorMode;WorldMapEditorMode_Streets.lua
WorldMapEditorMode_Style;WorldMapEditorMode;WorldMapEditorMode_Style.lua
WorldMapEditorResizer;ISBaseObject;WorldMapEditorResizer.lua
WorldMapOptions;ISCollapsableWindowJoypad;ISWorldMap.lua
WorldMapStyleEditor;ISPanel;WorldMapEditorMode_Style.lua
WorldMapStyleEditor_ColorStopsPanel;WorldMapStyleEditor_TabPanel;WorldMapEditorMode_Style.lua
WorldMapStyleEditor_FilterPanel;WorldMapStyleEditor_TabPanel;WorldMapEditorMode_Style.lua
WorldMapStyleEditor_PolygonLayerPanel;WorldMapStyleEditor;WorldMapEditorMode_Style.lua
WorldMapStyleEditor_PyramidLayerPanel;WorldMapStyleEditor;WorldMapEditorMode_Style.lua
WorldMapStyleEditor_PyramidPanel;WorldMapStyleEditor_TabPanel;WorldMapEditorMode_Style.lua
WorldMapStyleEditor_TabPanel;ISPanel;WorldMapEditorMode_Style.lua
WorldMapStyleEditor_TextLayerPanel;WorldMapStyleEditor;WorldMapEditorMode_Style.lua
WorldMapStyleEditor_TextPanel;WorldMapStyleEditor_TabPanel;WorldMapEditorMode_Style.lua
WorldMapStyleEditor_TextureLayerPanel;WorldMapStyleEditor;WorldMapEditorMode_Style.lua
WorldMapStyleEditor_TexturePanel;WorldMapStyleEditor_TextureStopsPanel;WorldMapEditorMode_Style.lua
WorldMapStyleEditor_TextureStopsPanel;WorldMapStyleEditor_TabPanel;WorldMapEditorMode_Style.lua
WorldSelect;ISPanelJoypad;WorldSelect.lua
XuiDebugLayoutWindow;ISCollapsableWindow;XuiDebugLayoutWindow.lua
XuiDebugWindow;ISCollapsableWindow;XuiDebugWindow.lua
ZombiePopulationWindow;ISCollapsableWindow;ZombiePopulationWindow.lua
ZomboidRadioDebug;ISPanel;ZomboidRadioDebug.lua
